-32,-96,1976
-36,-108,1976
-64,-104,1952
-92,-100,1992
-108,-116,1988
-144,-104,1996
-156,-104,1996
-148,-80,1988
-104,-68,1984
-88,-52,1980
-60,-48,1964
-32,-36,1936
-4,-36,1952
-4,-36,1944
0,-48,1956
0,-52,1976
-20,-48,1984
-60,-76,1976
-80,-68,1968
-104,-100,1980
-132,-116,1992
-124,-132,2012
-140,-120,2032
-132,-96,2012
-124,-112,1992
-100,-104,1984
-72,-92,1984
-56,-84,1992
-48,-72,1992
-20,-44,2008
-4,-52,1972
-12,-64,1656
-68,-92,1652
-68,-84,1672
-88,-88,1664
-72,-88,1672
-68,-72,1692
-80,-64,1716
-60,-60,1732
-52,-56,1740
-60,-36,1756
-60,-28,1780
-52,-44,1804
-68,-32,1836
-72,-12,1852
-72,-48,1896
-64,-56,1932
-52,-88,1960
-52,-100,1972
-48,-100,2008
-60,-96,2004
-80,-112,2068
-80,-132,2112
-88,-128,2124
-112,-124,2168
-112,-124,2176
-96,-108,2168
-68,-88,2204
-76,-80,2216
-68,-72,2228
-64,-84,2248
-40,-76,2252
-60,-76,2264
-64,-64,2256
-76,-72,2252
-88,-72,2244
-92,-68,2248
-104,-84,2236
-96,-88,2228
-92,-96,2240
-88,-100,2212
-92,-112,2196
-80,-104,2188
-80,-124,2144
-80,-116,2132
-72,-104,2088
-56,-84,2056
-48,-72,2040
-64,-64,2008
-44,-68,1968
-64,-60,1952
-48,-56,1908
-60,-48,1892
-64,-44,1860
-92,-36,1836
-88,-56,1804
-76,-52,1780
-72,-52,1768
-56,-60,1752
-64,-68,1736
-48,-64,1708
-32,-72,1704
-28,-88,1712
-40,-88,1708
-40,-88,1708
-56,-92,1708
-68,-68,1688
-68,-60,1696
-92,-56,1712
-104,-48,1720
-92,-40,1720
-92,-36,1756
-96,-32,1776
-84,-20,1764
-52,-40,1808
-40,-28,1844
-20,-40,1860
-32,-52,1884
-36,-72,1900
-24,-84,1948
-40,-104,1988
-52,-96,2004
-64,-108,2036
-84,-108,2084
-104,-108,2128
-116,-120,2148
-108,-120,2168
-100,-92,2180
-96,-76,2188
-88,-64,2208
-60,-56,2200
-64,-60,2224
-76,-52,2220
-60,-60,2228
-56,-64,2252
-52,-68,2224
-52,-76,2240
-76,-100,2228
-88,-108,2228
-108,-140,2236
-112,-128,2212
-108,-144,2204
-132,-152,2184
-136,-152,2160
-108,-140,2180
-108,-116,2116
-104,-116,2120
-88,-88,2108
-56,-68,2052
-40,-52,2024
-28,-48,2012
-24,-20,1940
-16,-16,1900
-28,-16,1892
-40,-28,1880
-60,-36,1832
-80,-72,1812
-84,-52,1820
-104,-88,1784
-116,-100,1780
-112,-96,1764
-100,-128,1772
-92,-128,1744
-68,-128,1728
-56,-120,1716
-60,-104,1700
-28,-96,1688
-28,-60,1688
-12,-32,1696
-12,-20,1692
-20,-12,1684
-44,-20,1692
-56,-12,1708
-68,-16,1724
-84,-20,1748
-96,-64,1760
-100,-56,1788
-100,-56,1808
-100,-84,1864
-92,-124,1872
-72,-136,1908
-80,-148,1924
-60,-140,1972
-52,-136,1996
-48,-108,2008
-52,-100,2056
-40,-88,2064
-44,-72,2088
-76,-44,2108
-76,-56,2132
-80,-32,2144
-104,-40,2184
-112,-40,2216
-132,-40,2228
-112,-56,2240
-100,-64,2264
-104,-92,2248
-88,-108,2264
-88,-120,2280
-80,-144,2292
-64,-132,2304
-80,-136,2316
-60,-128,2268
-72,-144,2280
-76,-132,2260
-64,-112,2224
-80,-96,2200
-92,-52,2176
-80,-48,2144
-88,-40,2112
-84,-28,2084
-68,-28,2060
-76,-16,2032
-76,-40,2012
-72,-48,1984
-80,-52,1964
-56,-72,1940
-52,-92,1916
-44,-104,1896
-36,-112,1860
-52,-120,1848
-56,-124,1824
-60,-120,1780
-52,-116,1772
-76,-96,1764
-72,-60,1740
-68,-44,1732
-76,-40,1704
-56,-32,1704
-76,-28,1672
-68,-16,1656
-80,-24,1644
-64,-28,1656
-36,-16,1640
-48,-48,1664
-44,-52,1684
-52,-68,1696
-60,-96,1744
-68,-100,1752
-68,-100,1776
-60,-104,1788
-80,-124,1812
-68,-108,1860
-80,-116,1888
-80,-104,1892
-72,-68,1944
-68,-88,1944
-72,-68,1980
-72,-64,1988
-56,-40,2032
-68,-28,2064
-72,-40,2088
-80,-48,2132
-80,-68,2156
-84,-72,2168
-84,-84,2196
-84,-96,2212
-96,-108,2228
-84,-116,2232
-96,-132,2284
-108,-132,2284
-92,-132,2272
-80,-136,2304
-104,-128,2276
-96,-104,2248
-100,-100,2240
-84,-68,2228
-68,-76,2212
-68,-40,2216
-72,-52,2160
-52,-40,2156
-64,-32,2120
-72,-76,2100
-60,-68,2072
-60,-80,2064
-80,-72,2032
-72,-88,2020
-80,-88,1996
-92,-88,1964
-76,-112,1916
-64,-104,1916
-64,-88,1868
-64,-96,1852
-48,-80,1828
-36,-64,1776
-44,-60,1780
-20,-48,1756
-52,-52,1740
-76,-60,1744
-60,-28,1704
-80,-32,1716
-84,-36,1704
-84,-40,1684
-88,-56,1688
-84,-52,1708
-68,-92,1680
-64,-92,1712
-56,-84,1732
-40,-84,1716
-56,-96,1744
-40,-76,1748
-32,-116,1800
-68,-80,1796
-48,-92,1824
-64,-68,1856
-68,-72,1884
-72,-80,1932
-80,-72,1928
-88,-60,1980
-80,-64,2000
-76,-72,2032
-80,-64,2036
-92,-72,2064
-84,-76,2108
-88,-92,2132
-72,-64,2144
-60,-88,2176
-52,-100,2200
-56,-104,2224
-60,-96,2228
-68,-96,2268
-76,-96,2276
-80,-80,2284
-84,-112,2272
-96,-108,2280
-100,-108,2280
-112,-108,2280
-120,-100,2260
-108,-100,2268
-92,-92,2224
-84,-92,2224
-80,-88,2192
-68,-68,2176
-44,-64,2140
-56,-68,2120
-56,-72,2072
-36,-60,2056
-60,-88,2028
-48,-72,2012
-60,-80,1976
-92,-64,1964
-88,-84,1912
-96,-88,1904
-104,-96,1884
-100,-72,1848
-100,-96,1828
-84,-68,1784
-76,-68,1764
-68,-60,1784
-52,-52,1724
-36,-60,1712
-36,-52,1672
-20,-36,1700
-28,-44,1660
-32,-24,1676
-52,-40,1660
-52,-36,1684
-64,-68,1684
-84,-60,1652
-80,-76,1692
-92,-64,1700
-108,-72,1728
-92,-92,1740
-100,-92,1756
-84,-76,1808
-80,-92,1800
-60,-92,1820
-28,-92,1848
-36,-88,1864
-40,-84,1908
-52,-72,1936
-36,-52,1948
-40,-48,1988
-64,-64,2000
-76,-56,2032
-96,-72,2072
-84,-80,2100
-96,-72,2140
-100,-100,2168
-104,-108,2204
-88,-116,2204
-92,-116,2240
-92,-120,2244
-68,-140,2264
-84,-124,2288
-56,-120,2272
-64,-112,2256
-68,-104,2276
-56,-92,2276
-60,-72,2264
-76,-64,2272
-88,-68,2252
-92,-60,2232
-84,-48,2224
-108,-52,2220
-116,-72,2192
-112,-88,2192
-112,-96,2148
-84,-88,2112
-92,-92,2092
-88,-120,2080
-52,-100,2040
-68,-112,2048
-36,-100,2008
-56,-104,1964
-48,-88,1896
-44,-84,1888
-56,-68,1856
-60,-64,1828
-56,-36,1796
-76,-36,1784
-76,-36,1768
-80,-32,1740
-72,-40,1716
-80,-32,1720
-92,-36,1712
-48,-52,1712
-60,-60,1696
-52,-72,1704
-32,-76,1696
-36,-84,1704
-24,-100,1700
-48,-100,1708
-56,-108,1740
-68,-92,1716
-68,-100,1740
-68,-88,1792
-88,-80,1788
-88,-68,1820
-76,-48,1816
-80,-56,1836
-84,-36,1864
-72,-28,1860
-60,-40,1892
-44,-56,1940
-44,-76,1984
-40,-76,2000
-52,-88,2024
-64,-100,2076
-60,-120,2104
-88,-112,2132
-100,-144,2144
-92,-140,2160
-92,-136,2192
-96,-116,2220
-116,-104,2224
-100,-116,2212
-100,-108,2236
-92,-72,2244
-80,-68,2240
-80,-48,2268
-68,-60,2248
-68,-64,2228
-44,-48,2208
-68,-56,2208
-60,-52,2204
-80,-96,2188
-88,-88,2168
-100,-88,2196
-108,-100,2132
-116,-140,2128
-96,-124,2108
-96,-116,2088
-80,-120,2052
-84,-112,2028
-56,-96,1992
-40,-88,1948
-36,-60,1920
-40,-64,1892
-44,-32,1860
-36,-16,1824
-48,-24,1800
-64,-20,1764
-76,-44,1760
-76,-48,1760
-80,-36,1748
-88,-64,1728
-80,-80,1720
-84,-72,1708
-80,-88,1716
-84,-88,1716
-72,-80,1708
-56,-100,1704
-52,-76,1704
-52,-88,1704
-52,-68,1720
-44,-56,1748
-32,-56,1720
-32,-24,1744
-60,-16,1772
-76,-16,1800
-64,-44,1820
-96,-48,1848
-80,-56,1868
-92,-44,1880
-92,-80,1924
-92,-96,1948
-76,-120,2012
-68,-132,2032
-64,-100,2044
-48,-124,2072
-52,-128,2104
-52,-128,2136
-64,-116,2164
-52,-108,2168
-80,-80,2188
-80,-84,2224
-92,-68,2228
-104,-80,2252
-92,-56,2240
-112,-56,2252
-108,-60,2260
-96,-56,2236
-108,-76,2256
-92,-116,2248
-64,-84,2240
-64,-92,2248
-72,-116,2256
-80,-112,2224
-68,-120,2224
-68,-116,2196
-80,-108,2200
-80,-104,2176
-68,-116,2128
-76,-80,2100
-72,-60,2060
-68,-60,2048
-72,-40,1992
-56,-48,1956
-44,-52,1916
-68,-40,1904
-64,-36,1860
-60,-44,1848
-84,-68,1804
-68,-68,1796
-64,-84,1788
-60,-92,1740
-76,-96,1732
-92,-108,1708
-60,-92,1688
-76,-80,1660
-84,-104,1688
-76,-80,1652
-52,-76,1660
-72,-80,1684
-64,-48,1660
-52,-40,1664
-36,-40,1672
-48,-32,1688
-48,-56,1708
-60,-24,1720
-64,-40,1724
-60,-36,1764
-52,-72,1788
-64,-68,1808
-68,-80,1812
-60,-88,1868
-76,-104,1908
-84,-116,1940
-60,-92,1940
-52,-120,2000
-64,-108,2036
-88,-104,2056
-84,-100,2072
-84,-76,2108
-80,-68,2116
-80,-52,2132
-60,-52,2176
-72,-32,2164
-72,-44,2204
-68,-64,2208
-64,-72,2212
-80,-88,2260
-68,-104,2252
-100,-96,2268
-112,-116,2276
-120,-120,2296
-104,-140,2268
-100,-128,2276
-96,-124,2260
-84,-120,2236
-76,-96,2232
-60,-84,2212
-64,-84,2192
-52,-80,2180
-36,-76,2144
-56,-60,2112
-52,-64,2080
-68,-48,2052
-88,-60,2028
-84,-56,2000
-96,-44,1972
-108,-60,1944
-96,-64,1932
-80,-72,1892
-84,-72,1880
-64,-72,1848
-40,-68,1828
-40,-80,1788
-36,-76,1776
-40,-76,1760
-44,-76,1736
-56,-64,1724
-52,-76,1716
-56,-64,1700
-56,-52,1708
-84,-48,1720
-92,-40,1696
-80,-44,1712
-96,-28,1720
-72,-48,1724
-76,-36,1708
-44,-52,1752
-56,-56,1732
-36,-76,1752
-28,-60,1796
-44,-68,1812
-28,-104,1844
-48,-92,1872
-60,-96,1868
-72,-104,1928
-84,-96,1948
-92,-92,1956
-100,-84,2004
-108,-88,2036
-92,-88,2060
-112,-92,2076
-88,-72,2080
-72,-72,2096
-76,-60,2136
-56,-68,2164
-48,-72,2168
-48,-80,2176
-44,-88,2200
-52,-76,2220
-64,-120,2220
-64,-104,2236
-88,-100,2244
-120,-112,2224
-120,-108,2236
-124,-120,2228
-136,-120,2236
-112,-112,2220
-112,-112,2236
-88,-100,2220
-88,-100,2184
-64,-88,2148
-44,-68,2144
-40,-56,2096
-40,-60,2100
-40,-60,2092
-52,-68,2044
-68,-40,2032
-72,-56,1996
-92,-80,1980
-100,-72,1920
-104,-76,1908
-100,-88,1896
-104,-96,1868
-84,-108,1828
-76,-100,1820
-76,-84,1792
-48,-80,1772
-56,-60,1748
-28,-60,1728
-28,-72,1728
-36,-36,1704
-28,-44,1680
-52,-36,1684
-68,-44,1676
-64,-24,1700
-88,-28,1676
-96,-40,1700
-88,-48,1680
-56,-48,1708
-64,-52,1720
-80,-60,1772
-56,-76,1780
-60,-104,1808
-64,-112,1840
-80,-112,1856
-56,-116,1868
-56,-108,1888
-52,-96,1920
-64,-80,1940
-56,-64,1964
-68,-72,2000
-68,-52,2028
-80,-52,2048
-88,-56,2076
-92,-52,2112
-72,-68,2132
-80,-72,2160
-76,-72,2180
-100,-96,2220
-100,-104,2244
-80,-120,2248
-84,-120,2256
-76,-124,2252
-68,-136,2260
-84,-128,2280
-88,-112,2284
-88,-136,2276
-100,-112,2276
-104,-100,2288
-88,-92,2260
-80,-72,2248
-84,-52,2220
-72,-52,2172
-76,-40,2176
-100,-56,2188
-72,-60,2124
-80,-60,2100
-76,-80,2096
-84,-96,2068
-88,-80,2024
-72,-104,2000
-76,-100,1980
-56,-96,1952
-60,-104,1912
-68,-108,1884
-56,-88,1860
-56,-84,1824
-64,-76,1800
-56,-64,1800
-64,-32,1744
-40,-40,1736
-72,-36,1716
-60,-28,1700
-64,-24,1660
-76,-32,1656
-56,-52,1664
-84,-52,1664
-64,-68,1656
-52,-72,1660
-68,-84,1648
-60,-72,1684
-64,-96,1704
-52,-100,1704
-64,-108,1740
-68,-76,1744
-64,-84,1728
-84,-80,1796
-56,-60,1824
-68,-60,1848
-60,-48,1860
-60,-68,1916
-56,-56,1924
-76,-40,1960
-64,-48,1976
-68,-52,2012
-76,-80,2064
-80,-84,2076
-80,-88,2112
-80,-108,2132
-80,-100,2156
-84,-112,2184
-72,-124,2176
-84,-124,2224
-80,-132,2224
-92,-116,2232
-88,-128,2240
-92,-108,2264
-80,-92,2264
-64,-76,2244
-92,-96,2244
-84,-60,2256
-76,-80,2240
-84,-68,2260
-52,-68,2204
-88,-68,2200
-64,-76,2176
-96,-92,2180
-88,-88,2148
-88,-104,2136
-80,-108,2092
-80,-96,2076
-64,-88,2056
-60,-112,2036
-56,-92,1996
-64,-88,1972
-48,-84,1944
-44,-80,1904
-64,-80,1876
-56,-68,1844
-64,-52,1828
-72,-48,1820
-76,-36,1776
-68,-24,1756
-76,-24,1748
-60,-28,1704
-60,-48,1736
-60,-32,1696
-68,-60,1696
-52,-72,1708
-56,-88,1700
-36,-80,1696
-52,-88,1728
-72,-104,1704
-76,-96,1712
-72,-100,1732
-72,-68,1744
-72,-60,1764
-68,-68,1784
-80,-48,1800
-72,-40,1840
-56,-36,1836
-64,-40,1880
-56,-40,1916
-40,-56,1912
-60,-56,1944
-52,-68,2004
-48,-60,2036
-68,-104,2052
-68,-104,2072
-72,-112,2116
-84,-112,2148
-88,-116,2168
-108,-104,2212
-92,-120,2212
-100,-108,2212
-100,-104,2252
-76,-100,2228
-68,-88,2244
-72,-72,2252
-68,-80,2228
-76,-72,2264
-68,-52,2240
-72,-76,2244
-84,-60,2220
-88,-76,2236
-88,-72,2196
-92,-72,2200
-104,-92,2148
-92,-104,2156
-88,-104,2128
-100,-108,2104
-84,-108,2092
-72,-108,2076
-80,-108,2040
-84,-96,2008
-72,-84,1980
-28,-72,1944
-36,-56,1896
-36,-40,1888
-52,-52,1868
-40,-52,1844
-52,-28,1840
-68,-40,1808
-76,-40,1752
-80,-52,1764
-84,-72,1752
-84,-64,1728
-68,-72,1716
-72,-68,1720
-72,-68,1708
-68,-84,1700
-56,-88,1692
-52,-88,1692
-52,-80,1716
-52,-88,1708
-48,-52,1712
-48,-52,1692
-72,-40,1748
-64,-60,1748
-80,-56,1760
-76,-36,1772
-80,-32,1800
-68,-56,1820
-92,-56,1844
-60,-60,1864
-60,-60,1904
-52,-84,1908
-68,-104,1960
-48,-112,1996
-84,-104,2008
-48,-120,2044
-60,-112,2084
-64,-108,2096
-64,-104,2108
-84,-92,2152
-80,-92,2164
-80,-88,2192
-92,-72,2196
-76,-72,2232
-88,-84,2244
-96,-84,2252
-88,-68,2252
-88,-84,2264
-96,-96,2264
-84,-80,2260
-84,-88,2256
-64,-100,2248
-72,-116,2244
-84,-104,2236
-56,-120,2212
-72,-92,2200
-64,-116,2180
-84,-108,2164
-68,-108,2144
-80,-104,2108
-84,-84,2108
-72,-76,2072
-76,-52,2068
-68,-64,2008
-56,-56,2000
-36,-40,1952
-52,-44,1936
-52,-48,1876
-64,-44,1868
-68,-48,1892
-72,-64,1836
-52,-72,1800
-60,-72,1776
-56,-64,1764
-48,-76,1744
-64,-104,1724
-68,-64,1720
-56,-80,1728
-60,-72,1696
-64,-60,1704
-64,-60,1720
-64,-60,1712
-52,-72,1692
-64,-44,1692
-44,-52,1692
-72,-56,1720
-68,-40,1716
-76,-48,1720
-68,-44,1760
-68,-60,1752
-56,-52,1792
-52,-68,1812
-68,-84,1876
-64,-88,1872
-64,-92,1888
-80,-108,1948
-56,-116,1928
-52,-116,1984
-72,-116,2032
-76,-120,2060
-92,-88,2100
-92,-108,2112
-80,-88,2136
-88,-80,2148
-72,-84,2168
-80,-84,2196
-76,-68,2196
-88,-64,2232
-80,-72,2228
-76,-80,2236
-76,-80,2228
-84,-72,2260
-96,-112,2260
-80,-104,2248
-96,-124,2244
-84,-96,2220
-84,-108,2244
-88,-104,2196
-80,-108,2184
-92,-76,2184
-80,-88,2152
-76,-96,2120
-56,-84,2104
-56,-72,2076
-68,-68,2024
-56,-52,2048
-40,-60,1996
-44,-52,1944
-60,-40,1936
-60,-40,1916
-52,-52,1860
-52,-56,1844
-56,-64,1840
-60,-88,1820
-72,-88,1784
-80,-92,1780
-76,-80,1764
-60,-80,1756
-76,-88,1736
-72,-88,1716
-76,-64,1704
-60,-68,1724
-48,-56,1716
-40,-36,1688
-24,-24,1688
-44,-36,1712
-44,-40,1716
-44,-40,1712
-48,-44,1732
-56,-36,1752
-56,-52,1780
-80,-40,1784
-76,-64,1820
-72,-84,1832
-84,-96,1860
-92,-116,1900
-84,-112,1944
-68,-116,1956
-76,-100,1976
-56,-108,2016
-60,-84,2036
-64,-100,2056
-64,-76,2088
-56,-52,2112
-56,-64,2132
-64,-64,2168
-84,-52,2188
-84,-56,2164
-104,-60,2208
-84,-68,2224
-116,-80,2236
-104,-100,2272
-100,-96,2272
-120,-104,2288
-100,-144,2284
-84,-116,2248
-72,-120,2272
-72,-124,2264
-84,-124,2256
-76,-104,2256
-56,-88,2208
-68,-76,2188
-68,-64,2180
-64,-72,2136
-60,-60,2092
-72,-28,2064
-84,-60,2044
-84,-52,2012
-80,-56,1988
-84,-52,1952
-88,-56,1924
-80,-76,1904
-76,-96,1848
-56,-96,1848
-56,-88,1840
-56,-96,1792
-60,-92,1772
-40,-76,1772
-48,-96,1772
-48,-60,1716
-48,-60,1732
-48,-48,1688
-48,-48,1700
-68,-48,1672
-80,-36,1668
-72,-40,1672
-84,-40,1676
-80,-24,1696
-68,-44,1700
-76,-52,1692
-80,-56,1692
-72,-52,1708
-52,-84,1764
-44,-64,1800
-20,-92,1800
-28,-104,1832
-64,-80,1852
-44,-84,1864
-64,-92,1900
-72,-84,1924
-76,-64,1944
-84,-68,1984
-84,-60,2012
-100,-64,2032
-96,-68,2052
-84,-80,2084
-96,-88,2088
-92,-84,2148
-92,-76,2152
-92,-72,2188
-92,-88,2232
-72,-96,2212
-72,-104,2220
-72,-124,2256
-76,-108,2264
-60,-112,2272
-80,-104,2288
-84,-108,2276
-104,-108,2256
-108,-112,2260
-96,-84,2244
-88,-80,2228
-108,-100,2204
-96,-84,2200
-96,-68,2156
-88,-80,2156
-72,-80,2132
-76,-52,2128
-64,-60,2076
-56,-64,2068
-40,-72,2060
-28,-84,2004
-52,-76,2012
-56,-76,1952
-60,-84,1940
-64,-100,1912
-84,-88,1892
-88,-76,1876
-84,-72,1836
-84,-88,1808
-92,-76,1780
-80,-72,1780
-76,-52,1744
-68,-60,1740
-40,-40,1708
-32,-52,1700
-40,-28,1724
-16,-40,1696
-32,-36,1692
-32,-52,1692
-64,-48,1708
-52,-52,1708
-48,-52,1732
-88,-80,1748
-92,-72,1764
-92,-96,1784
-88,-84,1812
-84,-100,1820
-76,-92,1836
-84,-80,1868
-60,-84,1864
-44,-84,1892
-40,-80,1936
-40,-64,1940
-48,-72,1964
-28,-48,1984
-64,-56,2024
-60,-64,2048
-64,-48,2060
-76,-68,2092
-104,-72,2132
-92,-84,2120
-100,-96,2144
-108,-104,2160
-108,-92,2180
-112,-128,2200
-100,-124,2228
-84,-120,2240
-80,-108,2240
-80,-120,2244
-72,-108,2228
-60,-96,2228
-60,-80,2212
-68,-68,2248
-64,-64,2208
-88,-56,2188
-80,-56,2176
-100,-80,2152
-112,-72,2140
-108,-64,2124
-96,-68,2088
-72,-80,2088
-80,-96,2072
-80,-88,2032
-60,-80,2004
-68,-92,1988
-60,-92,1956
-56,-76,1916
-64,-108,1908
-52,-84,1872
-60,-92,1848
-48,-80,1840
-76,-68,1804
-60,-40,1760
-68,-48,1756
-84,-32,1732
-76,-28,1716
-64,-28,1704
-76,-32,1712
-60,-52,1680
-68,-60,1704
-52,-60,1692
-52,-68,1716
-44,-64,1708
-48,-76,1708
-44,-96,1724
-52,-96,1744
-52,-104,1768
-72,-88,1768
-60,-88,1804
-52,-60,1816
-68,-68,1836
-72,-60,1860
-80,-68,1892
-52,-60,1904
-64,-56,1940
-52,-40,1928
-60,-52,1980
-56,-60,2008
-64,-44,2048
-64,-76,2060
-92,-92,2124
-80,-96,2132
-96,-104,2156
-88,-100,2196
-96,-120,2208
-100,-112,2216
-92,-124,2260
-108,-116,2256
-104,-132,2276
-96,-88,2272
-80,-100,2248
-68,-88,2256
-80,-80,2264
-80,-64,2268
-84,-64,2252
-80,-68,2248
-80,-76,2216
-80,-72,2212
-80,-72,2200
-88,-88,2184
-76,-84,2164
-84,-92,2160
-80,-116,2120
-72,-96,2088
-80,-100,2052
-80,-92,2036
-68,-108,2016
-76,-76,1976
-72,-104,1976
-48,-68,1916
-52,-52,1884
-56,-52,1824
-52,-40,1808
-64,-28,1768
-68,-36,1772
-60,-40,1740
-64,-32,1720
-76,-44,1692
-76,-48,1684
-80,-60,1664
-60,-76,1668
-60,-72,1676
-64,-76,1668
-56,-88,1672
-64,-100,1660
-64,-88,1676
-64,-92,1696
-52,-80,1700
-48,-68,1700
-44,-52,1720
-44,-48,1748
-60,-52,1768
-56,-40,1772
-80,-40,1824
-68,-48,1816
-88,-40,1836
-60,-52,1876
-76,-64,1940
-72,-76,1968
-80,-84,2000
-72,-100,2036
-72,-104,2056
-68,-112,2088
-76,-120,2128
-72,-136,2152
-76,-116,2180
-64,-108,2196
-68,-100,2204
-80,-76,2232
-72,-80,2240
-84,-76,2232
-68,-68,2268
-84,-80,2244
-100,-64,2252
-88,-56,2240
-92,-56,2268
-96,-80,2244
-80,-76,2236
-80,-92,2224
-76,-80,2252
-72,-116,2212
-84,-112,2216
-76,-128,2176
-64,-124,2128
-80,-112,2152
-72,-104,2104
-88,-112,2080
-72,-84,2028
-76,-76,2016
-64,-56,1988
-64,-44,1952
-56,-64,1928
-64,-32,1904
-64,-32,1872
-68,-32,1848
-76,-44,1816
-56,-56,1800
-52,-52,1796
-68,-84,1788
-68,-76,1740
-64,-76,1740
-52,-80,1740
-60,-88,1724
-76,-96,1724
-68,-92,1720
-64,-88,1708
-76,-84,1700
-80,-80,1696
-56,-48,1712
-56,-20,1704
-64,-52,1740
-40,-20,1736
-40,-36,1740
-64,-40,1772
-68,-44,1788
-68,-52,1828
-68,-44,1852
-68,-68,1876
-80,-72,1916
-68,-92,1940
-76,-76,1968
-68,-108,1984
-60,-116,2020
-80,-112,2044
-72,-108,2080
-80,-100,2092
-88,-96,2124
-84,-104,2152
-80,-100,2160
-80,-72,2152
-68,-64,2192
-72,-80,2212
-84,-64,2224
-80,-68,2220
-76,-60,2224
-76,-72,2224
-68,-100,2220
-100,-96,2244
-88,-108,2240
-80,-128,2236
-72,-108,2220
-92,-120,2208
-76,-124,2180
-80,-104,2172
-88,-116,2160
-88,-112,2132
-80,-96,2124
-72,-92,2088
-76,-84,2072
-60,-48,2048
-44,-68,2016
-56,-52,1984
-60,-60,1948
-64,-44,1936
-56,-40,1900
-88,-48,1900
-64,-48,1860
-64,-80,1828
-84,-80,1848
-60,-88,1792
-72,-84,1780
-68,-88,1772
-52,-88,1732
-76,-108,1752
-44,-84,1720
-60,-72,1720
-84,-68,1716
-52,-72,1692
-56,-52,1692
-40,-28,1700
-56,-24,1672
-48,-24,1688
-52,-24,1724
-52,-36,1732
-72,-40,1740
-72,-36,1764
-76,-44,1772
-68,-52,1808
-64,-76,1816
-72,-96,1840
-64,-92,1884
-80,-104,1904
-72,-124,1928
-80,-104,1976
-88,-120,2000
-68,-100,2024
-80,-88,2024
-68,-96,2068
-60,-88,2112
-56,-76,2100
-80,-56,2164
-80,-80,2172
-72,-72,2168
-84,-72,2216
-84,-76,2212
-100,-60,2212
-88,-72,2248
-100,-108,2252
-108,-88,2288
-100,-120,2284
-92,-120,2292
-92,-120,2268
-84,-152,2280
-80,-136,2260
-84,-124,2252
-88,-100,2224
-72,-112,2212
-60,-88,2208
-76,-76,2172
-72,-76,2144
-68,-56,2116
-60,-56,2080
-84,-64,2076
-76,-64,2036
-72,-44,2016
-84,-56,1988
-60,-60,1952
-80,-72,1936
-60,-72,1916
-76,-88,1876
-64,-96,1860
-76,-100,1864
-68,-96,1816
-72,-108,1796
-60,-84,1780
-56,-92,1740
-64,-72,1720
-64,-56,1712
-56,-60,1696
-56,-52,1680
-68,-56,1680
-64,-16,1680
-68,-24,1656
-52,-28,1676
-64,-36,1684
-64,-48,1696
-48,-44,1672
-56,-52,1712
-60,-72,1740
-68,-84,1732
-68,-88,1768
-68,-84,1800
-64,-104,1804
-76,-92,1844
-56,-88,1880
-72,-88,1872
-80,-96,1928
-68,-76,1948
-52,-68,2008
-76,-64,2036
-68,-52,2064
-68,-52,2052
-60,-52,2096
-68,-72,2136
-84,-80,2140
-68,-64,2176
-92,-96,2180
-84,-76,2220
-80,-108,2212
-92,-128,2268
-92,-128,2272
-96,-120,2276
-96,-128,2268
-104,-132,2276
-96,-124,2260
-88,-128,2268
-84,-92,2252
-84,-80,2216
-80,-68,2220
-72,-64,2220
-80,-60,2172
-76,-64,2148
-84,-56,2108
-72,-48,2092
-72,-56,2080
-80,-68,2048
-64,-72,2028
-68,-84,1996
-48,-84,1964
-76,-60,1940
-68,-104,1928
-64,-108,1888
-64,-88,1872
-64,-84,1856
-56,-72,1808
-64,-60,1788
-64,-64,1772
-52,-48,1736
-60,-44,1732
-64,-36,1724
-64,-32,1688
-60,-40,1684
-60,-20,1696
-60,-20,1700
-72,-40,1708
-60,-40,1692
-60,-44,1696
-56,-44,1696
-52,-80,1732
-60,-76,1748
-68,-100,1776
-48,-84,1748
-48,-108,1780
-64,-84,1824
-48,-84,1832
-60,-88,1872
-56,-68,1872
-68,-76,1916
-64,-60,1952
-68,-68,1980
-72,-48,2008
-68,-32,2036
-64,-56,2056
-76,-72,2100
-80,-64,2120
-72,-88,2132
-68,-88,2152
-80,-96,2188
-76,-108,2208
-80,-108,2216
-96,-116,2240
-84,-120,2252
-96,-124,2280
-80,-116,2280
-80,-120,2292
-84,-112,2284
-72,-92,2264
-80,-88,2260
-68,-80,2228
-68,-76,2220
-68,-60,2204
-76,-48,2172
-64,-72,2188
-84,-80,2148
-68,-56,2112
-88,-84,2088
-80,-76,2084
-88,-84,2060
-72,-96,2000
-68,-108,2012
-76,-116,1968
-88,-100,1956
-68,-100,1904
-60,-92,1888
-72,-60,1852
-64,-64,1836
-52,-68,1800
-60,-60,1776
-60,-56,1736
-56,-28,1768
-48,-52,1728
-60,-28,1696
-56,-40,1692
-72,-60,1704
-68,-44,1692
-72,-40,1668
-64,-56,1676
-48,-84,1684
-60,-72,1700
-68,-80,1704
-64,-80,1700
-48,-68,1724
-64,-96,1724
-60,-76,1748
-52,-68,1764
-64,-76,1796
-68,-60,1800
-56,-72,1856
-72,-60,1864
-64,-64,1884
-68,-44,1920
-80,-40,1948
-52,-76,1996
-68,-60,2020
-80,-68,2032
-72,-88,2056
-68,-68,2080
-84,-100,2132
-88,-112,2160
-92,-108,2164
-84,-128,2192
-76,-120,2216
-88,-108,2220
-80,-108,2228
-88,-96,2232
-80,-92,2268
-96,-84,2276
-84,-104,2276
-100,-104,2272
-76,-80,2260
-96,-84,2264
-80,-56,2244
-88,-72,2248
-92,-72,2196
-72,-84,2200
-84,-84,2200
-80,-84,2172
-80,-96,2164
-84,-96,2140
-64,-92,2100
-72,-100,2068
-56,-100,2044
-44,-92,2028
-56,-84,2004
-64,-92,1964
-64,-72,1916
-80,-68,1924
-68,-52,1880
-84,-40,1860
-52,-36,1816
-64,-52,1788
-64,-56,1756
-60,-40,1780
-72,-48,1744
-76,-60,1732
-56,-44,1728
-64,-56,1696
-64,-52,1724
-72,-76,1712
-48,-84,1700
-76,-64,1716
-52,-88,1700
-56,-72,1696
-64,-72,1728
-44,-80,1732
-68,-60,1756
-72,-56,1760
-68,-68,1772
-72,-64,1784
-80,-60,1800
-52,-40,1792
-80,-48,1824
-76,-56,1876
-84,-72,1884
-84,-80,1924
-72,-84,1936
-76,-88,1980
-76,-104,2004
-72,-96,2024
-72,-100,2068
-72,-108,2076
-56,-120,2080
-72,-104,2124
-84,-100,2160
-88,-96,2192
-104,-104,2208
-100,-108,2212
-76,-88,2220
-100,-76,2208
-80,-76,2252
-84,-80,2232
-88,-68,2224
-88,-76,2244
-88,-92,2244
-84,-68,2228
-84,-72,2212
-88,-88,2208
-76,-88,2204
-80,-100,2192
-92,-112,2184
-72,-108,2140
-92,-108,2128
-68,-120,2092
-80,-100,2060
-72,-80,2044
-68,-92,2048
-76,-80,2028
-72,-76,1960
-52,-68,1920
-56,-44,1896
-52,-36,1872
-56,-32,1852
-68,-48,1816
-56,-36,1804
-60,-64,1796
-56,-48,1748
-64,-60,1744
-56,-60,1724
-72,-72,1736
-72,-68,1716
-64,-88,1712
-80,-92,1696
-56,-88,1716
-56,-76,1696
-56,-68,1696
-56,-72,1716
-48,-80,1712
-72,-48,1732
-52,-40,1736
-40,-36,1760
-48,-44,1792
-44,-36,1804
-52,-56,1840
-80,-32,1824
-68,-60,1888
-68,-64,1908
-80,-88,1928
-76,-96,1968
-76,-96,1984
-84,-88,2012
-56,-96,2056
-72,-108,2072
-68,-112,2120
-80,-112,2136
-76,-104,2144
-56,-108,2192
-68,-100,2224
-68,-92,2244
-68,-76,2228
-68,-72,2252
-92,-80,2260
-80,-76,2272
-76,-88,2268
-96,-72,2268
-96,-96,2280
-88,-92,2252
-104,-88,2260
-96,-112,2252
-84,-128,2256
-84,-132,2232
-76,-116,2232
-80,-120,2212
-72,-124,2176
-60,-112,2156
-52,-104,2120
-84,-88,2100
-76,-96,2072
-60,-60,2012
-68,-56,1976
-60,-40,1948
-80,-48,1924
-68,-32,1904
-68,-48,1860
-60,-44,1820
-60,-40,1816
-68,-60,1776
-64,-72,1764
-60,-80,1724
-56,-88,1708
-60,-96,1704
-64,-96,1700
-60,-80,1680
-72,-92,1684
-56,-84,1692
-80,-76,1680
-68,-60,1672
-68,-60,1668
-68,-40,1680
-56,-16,1692
-68,-40,1696
-72,-44,1708
-64,-40,1740
-56,-40,1752
-80,-48,1760
-72,-52,1804
-56,-64,1800
-52,-84,1820
-52,-84,1856
-64,-88,1864
-76,-112,1944
-76,-112,1964
-80,-104,1996
-84,-108,2036
-76,-108,2064
-80,-88,2076
-84,-88,2100
-80,-88,2108
-80,-56,2156
-76,-64,2168
-68,-72,2184
-80,-64,2184
-84,-72,2232
-76,-72,2224
-88,-68,2244
-84,-100,2252
-100,-100,2252
-96,-112,2292
-92,-120,2276
-104,-132,2264
-96,-116,2264
-88,-132,2264
-92,-116,2220
-80,-104,2220
-76,-104,2220
-72,-100,2192
-84,-92,2176
-60,-64,2148
-68,-56,2116
-76,-52,2092
-72,-56,2024
-56,-40,2020
-76,-36,2004
-68,-48,1968
-80,-68,1944
-64,-56,1920
-68,-76,1892
-72,-100,1852
-76,-96,1852
-68,-92,1792
-52,-88,1816
-40,-100,1784
-60,-60,1764
-52,-68,1740
-52,-64,1732
-72,-60,1724
-52,-52,1704
-52,-36,1704
-64,-44,1696
-68,-48,1708
-56,-28,1724
-72,-44,1676
-64,-36,1720
-48,-24,1716
-76,-60,1732
-56,-56,1744
-60,-68,1784
-68,-84,1816
-88,-92,1832
-64,-120,1856
-68,-104,1864
-56,-96,1908
-72,-80,1920
-64,-104,1952
-80,-100,1988
-68,-96,1996
-60,-64,2044
-80,-72,2052
-68,-60,2036
-72,-52,2076
-76,-68,2108
-60,-64,2128
-76,-56,2164
-80,-68,2176
-72,-80,2180
-72,-84,2200
-92,-108,2216
-88,-108,2212
-88,-124,2224
-92,-124,2236
-100,-124,2240
-96,-120,2252
-88,-128,2236
-100,-120,2260
-88,-124,2228
-88,-100,2216
-96,-68,2180
-68,-84,2176
-64,-60,2148
-68,-60,2136
-64,-40,2096
-64,-72,2076
-64,-52,2056
-48,-56,2032
-76,-80,2024
-68,-68,1984
-72,-84,1956
-76,-88,1936
-92,-92,1888
-76,-88,1880
-64,-84,1856
-72,-104,1840
-60,-88,1808
-56,-92,1808
-68,-92,1788
-40,-52,1736
-40,-68,1712
-48,-56,1708
-56,-36,1688
-48,-20,1692
-72,-44,1704
-56,-32,1704
-64,-16,1672
-60,-48,1700
-56,-56,1700
-56,-64,1716
-72,-60,1740
-68,-80,1748
-64,-80,1772
-84,-104,1776
-68,-76,1812
-60,-100,1816
-64,-96,1848
-72,-88,1864
-64,-92,1900
-60,-64,1916
-56,-72,1956
-60,-76,1972
-68,-60,1984
-72,-68,2024
-76,-64,2052
-52,-72,2080
-76,-64,2120
-84,-68,2144
-84,-88,2160
-92,-96,2196
-84,-96,2200
-84,-104,2228
-88,-116,2252
-96,-128,2276
-76,-112,2252
-96,-108,2268
-76,-116,2248
-92,-116,2268
-84,-108,2288
-64,-84,2268
-76,-84,2260
-64,-88,2256
-76,-88,2224
-52,-68,2216
-68,-60,2196
-80,-72,2176
-84,-68,2164
-68,-60,2148
-72,-80,2096
-72,-88,2092
-80,-88,2048
-64,-84,2032
-80,-100,1988
-48,-96,1992
-56,-100,1936
-40,-92,1920
-44,-88,1888
-56,-92,1852
-36,-88,1828
-56,-56,1788
-64,-56,1776
-68,-44,1740
-76,-44,1732
-68,-36,1712
-80,-36,1660
-84,-48,1680
-68,-52,1660
-72,-48,1660
-48,-44,1644
-48,-48,1668
-40,-68,1656
-56,-60,1664
-40,-68,1676
-60,-88,1688
-52,-96,1700
-68,-80,1728
-60,-84,1764
-76,-88,1756
-68,-72,1804
-68,-56,1816
-76,-72,1856
-80,-64,1860
-84,-60,1916
-80,-76,1944
-68,-68,1936
-76,-72,1988
-64,-80,2028
-56,-48,2024
-56,-76,2072
-64,-76,2124
-72,-80,2140
-48,-100,2148
-60,-96,2188
-88,-100,2204
-92,-108,2236
-84,-120,2248
-96,-116,2260
-116,-104,2272
-104,-112,2264
-120,-104,2264
-112,-96,2268
-104,-80,2264
-92,-92,2256
-80,-60,2232
-68,-76,2216
-56,-96,2232
-56,-64,2216
-60,-68,2188
-60,-84,2168
-84,-64,2136
-80,-88,2144
-76,-72,2108
-80,-96,2044
-80,-80,2056
-88,-108,2020
-80,-108,1992
-104,-124,1976
-80,-96,1964
-64,-84,1908
-84,-84,1892
-60,-64,1848
-52,-44,1808
-40,-44,1792
-40,-36,1772
-52,-40,1740
-36,-24,1716
-44,-36,1712
-56,-20,1692
-60,-44,1708
-64,-60,1696
-80,-60,1676
-96,-64,1716
-84,-80,1700
-96,-76,1700
-72,-84,1716
-64,-72,1732
-80,-88,1736
-64,-92,1760
-60,-72,1760
-44,-72,1784
-60,-64,1780
-44,-68,1824
-76,-56,1848
-44,-44,1872
-48,-52,1908
-56,-40,1916
-72,-48,1944
-68,-68,1960
-80,-72,2016
-88,-96,2076
-68,-92,2084
-92,-100,2120
-84,-108,2164
-68,-120,2164
-60,-104,2184
-84,-124,2208
-80,-116,2236
-92,-108,2248
-68,-112,2236
-80,-96,2264
-92,-76,2248
-76,-88,2248
-76,-68,2224
-84,-72,2232
-92,-68,2236
-84,-56,2232
-100,-64,2220
-88,-92,2192
-84,-80,2176
-84,-72,2156
-76,-96,2148
-68,-88,2128
-88,-124,2140
-80,-120,2108
-76,-108,2084
-84,-96,2060
-60,-84,2000
-64,-88,1972
-60,-80,1944
-52,-52,1936
-68,-72,1892
-64,-44,1876
-68,-28,1828
-56,-40,1816
-60,-32,1772
-68,-40,1764
-76,-64,1736
-64,-56,1740
-68,-48,1712
-64,-52,1740
-60,-72,1688
-60,-80,1704
-44,-80,1716
-56,-80,1680
-64,-88,1680
-48,-84,1696
-52,-76,1684
-60,-48,1692
-72,-64,1712
-68,-60,1728
-72,-44,1748
-60,-32,1756
-68,-40,1780
-68,-40,1784
-68,-64,1828
-76,-44,1844
-64,-68,1896
-60,-68,1896
-64,-84,1952
-64,-88,1968
-56,-100,2004
-56,-112,2036
-60,-100,2048
-88,-116,2092
-76,-116,2140
-72,-100,2132
-92,-104,2168
-68,-96,2184
-72,-84,2212
-88,-80,2240
-84,-84,2248
-92,-72,2248
-108,-88,2260
-80,-72,2248
-68,-80,2256
-84,-88,2284
-80,-96,2292
-72,-92,2264
-96,-120,2276
-84,-112,2268
-80,-124,2228
-84,-112,2224
-80,-112,2208
-80,-96,2196
-84,-92,2136
-96,-80,2136
-80,-72,2120
-80,-76,2072
-84,-60,2052
-80,-56,2028
-72,-52,1984
-64,-60,1964
-64,-56,1948
-52,-72,1904
-52,-56,1892
-52,-60,1840
-48,-56,1840
-72,-88,1808
-64,-72,1796
-68,-80,1784
-68,-64,1756
-68,-88,1736
-64,-80,1716
-68,-64,1732
-76,-52,1716
-48,-56,1664
-48,-40,1676
-56,-32,1696
-52,-40,1684
-44,-44,1672
-44,-40,1688
-68,-56,1700
-60,-56,1716
-52,-72,1720
-72,-64,1764
-68,-68,1768
-80,-80,1776
-72,-96,1812
-64,-92,1840
-68,-84,1872
-64,-80,1884
-68,-80,1912
-56,-88,1948
-56,-88,1984
-56,-80,2016
-64,-84,2008
-76,-64,2080
-76,-64,2080
-68,-60,2076
-92,-76,2128
-72,-68,2144
-68,-68,2168
-92,-76,2204
-96,-80,2204
-88,-100,2240
-96,-112,2240
-84,-104,2252
-84,-124,2256
-116,-116,2256
-84,-108,2260
-72,-116,2256
-72,-108,2252
-68,-108,2248
-64,-80,2228
-60,-72,2188
-76,-56,2196
-64,-60,2180
-76,-60,2148
-92,-72,2124
-80,-76,2092
-80,-72,2068
-68,-88,2036
-76,-92,2000
-80,-96,1992
-56,-84,1972
-64,-108,1948
-56,-96,1924
-68,-96,1880
-80,-80,1880
-56,-68,1824
-44,-64,1816
-56,-72,1808
-48,-80,1792
-52,-44,1740
-44,-44,1736
-56,-52,1724
-72,-44,1704
-80,-48,1704
-92,-40,1692
-72,-64,1696
-76,-52,1696
-88,-56,1700
-64,-56,1712
-60,-84,1748
-48,-76,1736
-52,-84,1760
-56,-108,1756
-32,-88,1788
-48,-88,1800
-48,-88,1804
-36,-72,1836
-60,-56,1876
-60,-64,1892
-60,-60,1928
-84,-64,1952
-72,-52,1964
-84,-56,2024
-84,-64,2004
-96,-88,2060
-92,-88,2096
-76,-84,2108
-76,-104,2160
-92,-100,2164
-60,-112,2208
-84,-124,2236
-76,-104,2224
-80,-116,2236
-88,-100,2256
-92,-92,2248
-92,-68,2272
-76,-88,2264
-88,-76,2272
-88,-68,2260
-92,-76,2256
-88,-84,2252
-72,-64,2240
-80,-88,2236
-88,-92,2196
-88,-96,2188
-72,-108,2164
-68,-72,2148
-80,-108,2116
-64,-104,2072
-84,-88,2072
-64,-100,2008
-64,-76,1992
-92,-84,1944
-64,-56,1920
-68,-68,1884
-88,-68,1880
-76,-56,1824
-48,-36,1816
-60,-44,1780
-60,-48,1752
-52,-44,1744
-56,-40,1736
-52,-72,1724
-52,-52,1700
-64,-68,1676
-52,-68,1680
-56,-80,1664
-48,-80,1676
-56,-60,1680
-64,-60,1696
-60,-72,1688
-48,-52,1692
-72,-64,1708
-68,-44,1716
-68,-76,1736
-60,-56,1768
-64,-68,1792
-68,-52,1804
-60,-60,1808
-56,-68,1832
-72,-60,1856
-60,-76,1880
-72,-72,1932
-72,-68,1956
-84,-92,1968
-88,-104,2032
-60,-92,2040
-72,-88,2092
-80,-100,2108
-68,-100,2132
-76,-88,2140
-76,-96,2156
-80,-92,2204
-80,-80,2216
-88,-80,2212
-84,-72,2220
-64,-72,2260
-84,-84,2240
-76,-76,2260
-88,-76,2244
-80,-108,2280
-88,-100,2276
-80,-100,2244
-92,-104,2276
-88,-100,2236
-76,-108,2216
-76,-92,2200
-84,-100,2196
-84,-92,2168
-84,-84,2152
-92,-96,2136
-84,-72,2116
-80,-84,2112
-60,-92,2040
-80,-76,2000
-68,-80,1956
-60,-52,1952
-64,-84,1944
-64,-60,1904
-64,-84,1856
-68,-48,1848
-56,-84,1824
-72,-60,1804
-60,-80,1772
-68,-76,1756
-68,-64,1752
-36,-72,1740
-48,-60,1724
-52,-68,1700
-56,-52,1712
-72,-56,1688
-48,-56,1700
-52,-48,1716
-64,-40,1712
-68,-36,1728
-64,-48,1688
-72,-44,1732
-72,-68,1748
-80,-72,1776
-64,-76,1772
-72,-64,1828
-52,-76,1820
-64,-72,1856
-48,-72,1880
-60,-68,1912
-56,-76,1900
-72,-96,1952
-64,-80,1984
-56,-96,1996
-64,-88,2036
-76,-92,2032
-80,-92,2084
-64,-80,2096
-84,-88,2116
-84,-80,2128
-92,-88,2152
-80,-124,2188
-80,-100,2204
-68,-108,2220
-80,-96,2236
-68,-112,2232
-68,-88,2216
-80,-88,2252
-92,-100,2264
-88,-88,2240
-104,-88,2216
-100,-76,2220
-92,-80,2204
-80,-64,2188
-80,-80,2196
-92,-88,2172
-80,-76,2120
-76,-84,2116
-80,-88,2116
-64,-104,2084
-80,-72,2048
-76,-88,2016
-68,-84,1992
-48,-88,1972
-68,-80,1940
-72,-64,1912
-52,-64,1888
-60,-76,1844
-76,-68,1840
-68,-68,1800
-92,-52,1792
-64,-60,1776
-64,-60,1752
-68,-44,1744
-68,-56,1740
-56,-44,1716
-60,-44,1696
-68,-72,1708
-60,-48,1676
-56,-68,1700
-52,-68,1716
-64,-64,1708
-60,-76,1716
-68,-64,1720
-60,-52,1760
-76,-60,1760
-80,-72,1780
-48,-72,1804
-56,-76,1836
-56,-72,1840
-60,-56,1864
-68,-72,1896
-68,-72,1924
-64,-72,1964
-52,-68,1984
-64,-80,2008
-56,-68,2044
-72,-80,2072
-84,-96,2100
-84,-80,2148
-84,-80,2152
-88,-92,2164
-80,-84,2192
-76,-92,2216
-100,-84,2224
-100,-92,2236
-84,-116,2232
-92,-104,2268
-80,-80,2272
-80,-80,2248
-100,-100,2296
-84,-100,2288
-80,-88,2268
-76,-96,2260
-84,-100,2228
-72,-84,2216
-84,-104,2224
-76,-88,2192
-76,-104,2196
-80,-88,2172
-84,-92,2116
-64,-76,2108
-76,-64,2080
-68,-88,2044
-68,-68,2016
-44,-60,1984
-68,-84,1948
-64,-76,1928
-76,-72,1904
-52,-64,1840
-72,-52,1828
-56,-56,1816
-56,-68,1796
-72,-56,1768
-64,-60,1732
-48,-56,1708
-68,-52,1724
-72,-72,1696
-68,-64,1680
-68,-60,1656
-68,-64,1668
-64,-68,1668
-56,-52,1668
-48,-60,1664
-52,-52,1660
-72,-36,1676
-60,-48,1692
-68,-60,1712
-60,-52,1732
-60,-68,1768
-48,-68,1780
-68,-52,1792
-72,-56,1816
-64,-76,1812
-76,-80,1904
-64,-84,1920
-72,-64,1944
-80,-80,1976
-68,-80,1984
-80,-88,2028
-84,-92,2044
-76,-88,2092
-80,-108,2112
-60,-76,2100
-76,-100,2152
-76,-84,2152
-68,-80,2212
-76,-108,2216
-76,-104,2228
-104,-80,2252
-80,-92,2248
-88,-80,2272
-60,-100,2252
-88,-100,2256
-80,-100,2264
-96,-88,2264
-104,-96,2248
-92,-100,2252
-92,-84,2220
-80,-80,2224
-76,-104,2196
-84,-108,2164
-76,-108,2140
-80,-104,2128
-84,-92,2120
-48,-72,2064
-56,-84,2060
-76,-88,2028
-64,-68,1992
-76,-76,1968
-80,-64,1940
-56,-64,1876
-64,-68,1896
-60,-76,1864
-48,-40,1820
-72,-68,1792
-72,-68,1772
-60,-64,1748
-52,-52,1744
-60,-44,1720
-60,-56,1716
-68,-56,1704
-64,-60,1700
-68,-56,1684
-64,-44,1700
-64,-68,1692
-52,-56,1700
-68,-68,1696
-52,-60,1716
-60,-60,1728
-60,-48,1744
-60,-68,1764
-56,-64,1796
-52,-72,1788
-56,-44,1828
-60,-68,1856
-72,-76,1888
-100,-80,1940
-72,-88,1940
-68,-76,1964
-60,-76,1992
-88,-84,2032
-80,-104,2052
-64,-84,2096
-80,-88,2108
-72,-88,2108
-64,-100,2128
-72,-88,2156
-88,-84,2180
-84,-100,2200
-76,-92,2200
-80,-88,2212
-84,-92,2212
-76,-104,2232
-92,-116,2216
-80,-108,2220
-84,-92,2224
-88,-80,2236
-84,-80,2232
-84,-88,2196
-68,-84,2204
-96,-76,2168
-76,-100,2172
-68,-88,2152
-84,-80,2156
-88,-100,2124
-72,-80,2096
-52,-76,2056
-68,-100,2060
-80,-96,2028
-68,-84,1996
-72,-72,1972
-48,-84,1952
-64,-72,1908
-56,-60,1888
-64,-56,1860
-72,-72,1832
-80,-76,1808
-80,-48,1808
-40,-56,1768
-68,-76,1740
-56,-52,1736
-60,-64,1712
-60,-76,1696
-60,-44,1712
-56,-80,1688
-68,-60,1696
-64,-80,1688
-56,-68,1704
-56,-64,1684
-80,-56,1712
-64,-48,1700
-72,-64,1728
-56,-44,1732
-52,-48,1736
-44,-52,1760
-68,-52,1816
-72,-40,1844
-68,-72,1832
-68,-48,1900
-72,-68,1920
-68,-84,1952
-80,-80,1972
-80,-80,2000
-80,-92,2052
-72,-88,2064
-84,-100,2072
-68,-92,2124
-60,-80,2144
-64,-88,2176
-76,-80,2168
-84,-84,2212
-68,-84,2212
-76,-76,2232
-80,-92,2244
-100,-100,2252
-80,-80,2260
-84,-80,2256
-104,-84,2280
-96,-88,2284
-88,-104,2280
-100,-108,2268
-88,-100,2248
-88,-112,2244
-80,-104,2252
-80,-108,2208
-76,-100,2208
-76,-96,2164
-60,-80,2140
-68,-84,2124
-72,-80,2096
-72,-76,2064
-68,-48,2024
-68,-48,2004
-80,-56,1968
-72,-60,1940
-76,-64,1928
-68,-56,1896
-68,-64,1860
-56,-72,1840
-68,-52,1836
-52,-84,1816
-76,-84,1772
-68,-88,1772
-60,-96,1764
-48,-88,1708
-60,-84,1708
-56,-80,1704
-64,-68,1692
-52,-64,1688
-76,-40,1672
-56,-52,1660
-64,-52,1644
-60,-36,1664
-72,-32,1664
-68,-48,1684
-60,-40,1708
-56,-52,1708
-72,-60,1732
-76,-76,1764
-52,-84,1800
-64,-84,1816
-68,-100,1864
-60,-112,1876
-64,-92,1920
-68,-92,1936
-72,-108,1984
-76,-108,2016
-68,-96,2048
-84,-84,2084
-84,-72,2076
-68,-68,2100
-80,-72,2136
-76,-60,2152
-76,-60,2156
-88,-64,2224
-88,-68,2192
-84,-88,2236
-84,-88,2252
-92,-100,2240
-84,-108,2260
-100,-104,2276
-92,-116,2288
-96,-112,2276
-100,-132,2272
-92,-120,2268
-100,-108,2244
-88,-100,2228
-92,-100,2204
-64,-84,2204
-64,-88,2160
-76,-72,2140
-68,-48,2092
-64,-56,2080
-68,-48,2036
-52,-48,2020
-64,-52,1980
-68,-48,1960
-68,-60,1920
-72,-56,1896
-88,-96,1876
-92,-100,1876
-76,-80,1848
-56,-80,1800
-52,-76,1772
-64,-96,1780
-64,-84,1756
-48,-76,1728
-48,-68,1744
-44,-40,1720
-48,-28,1704
-84,-48,1712
-68,-40,1700
-56,-32,1692
-76,-28,1688
-60,-36,1712
-76,-44,1704
-80,-60,1732
-84,-76,1752
-88,-76,1752
-68,-88,1784
-64,-100,1808
-48,-100,1828
-64,-96,1856
-56,-96,1868
-52,-88,1908
-68,-100,1936
-60,-92,1948
-68,-72,1984
-64,-72,2028
-84,-48,2036
-76,-64,2040
-100,-52,2080
-88,-60,2084
-96,-48,2108
-100,-68,2152
-108,-60,2196
-72,-80,2204
-68,-84,2220
-96,-124,2268
-68,-128,2272
-72,-120,2288
-72,-128,2276
-80,-116,2280
-76,-112,2276
-88,-132,2256
-88,-120,2244
-92,-104,2224
-108,-84,2232
-96,-68,2192
-108,-72,2176
-92,-68,2168
-88,-44,2128
-76,-56,2108
-64,-60,2092
-60,-60,2056
-40,-52,2036
-48,-84,2000
-56,-96,1976
-60,-84,1948
-56,-96,1936
-76,-112,1904
-64,-104,1892
-68,-100,1860
-76,-92,1836
-80,-88,1812
-100,-76,1800
-88,-84,1796
-76,-40,1748
-60,-44,1704
-64,-28,1700
-52,-24,1688
-44,-40,1668
-36,-32,1672
-28,-40,1680
-40,-36,1668
-44,-48,1696
-52,-56,1696
-72,-80,1684
-60,-60,1720
-72,-80,1720
-80,-72,1740
-80,-112,1756
-84,-96,1768
-84,-96,1812
-80,-96,1840
-96,-96,1848
-68,-80,1872
-72,-60,1892
-64,-72,1920
-36,-56,1916
-36,-32,1972
-44,-44,2008
-44,-48,2008
-44,-56,2036
-76,-68,2088
-76,-84,2140
-76,-92,2144
-108,-120,2196
-124,-112,2192
-108,-116,2232
-104,-136,2232
-100,-136,2248
-76,-132,2248
-84,-116,2280
-80,-120,2272
-72,-104,2280
-72,-96,2300
-60,-96,2256
-72,-84,2244
-60,-56,2252
-64,-48,2216
-60,-52,2204
-64,-60,2208
-84,-56,2196
-92,-60,2160
-108,-68,2156
-96,-80,2136
-100,-92,2096
-92,-112,2096
-76,-116,2080
-64,-100,2044
-64,-108,2012
-68,-96,1956
-40,-88,1936
-56,-84,1920
-52,-68,1892
-64,-72,1832
-64,-48,1820
-64,-24,1784
-68,-28,1780
-52,-16,1764
-64,-12,1736
-76,-32,1736
-68,-28,1724
-76,-44,1716
-72,-44,1708
-68,-80,1704
-64,-68,1716
-68,-84,1700
-68,-108,1688
-56,-104,1740
-64,-104,1748
-52,-100,1744
-56,-88,1716
-52,-68,1748
-56,-52,1764
-52,-56,1748
-64,-44,1804
-40,-40,1808
-68,-40,1804
-60,-56,1856
-76,-44,1892
-76,-60,1916
-56,-64,1940
-52,-84,1980
-72,-92,2016
-72,-96,2036
-88,-108,2076
-80,-112,2112
-88,-128,2132
-64,-132,2156
-80,-132,2156
-80,-124,2204
-88,-112,2216
-92,-100,2232
-84,-120,2212
-92,-80,2220
-92,-92,2260
-104,-68,2248
-84,-60,2248
-96,-76,2244
-84,-52,2232
-68,-52,2216
-80,-68,2224
-84,-80,2212
-64,-88,2192
-48,-92,2172
-72,-100,2184
-72,-108,2148
-52,-116,2100
-60,-104,2076
-64,-92,2064
-76,-88,2044
-80,-96,1980
-80,-84,1988
-80,-84,1908
-84,-60,1924
-84,-40,1888
-76,-16,1868
-80,-32,1828
-56,-24,1808
-56,-16,1796
-48,-32,1772
-56,-56,1760
-28,-52,1736
-36,-56,1736
-52,-68,1724
-72,-92,1716
-56,-92,1712
-64,-116,1728
-92,-100,1716
-104,-108,1700
-96,-100,1712
-88,-88,1716
-84,-84,1728
-92,-60,1736
-56,-40,1748
-60,-32,1768
-48,-16,1780
-20,-40,1792
-36,-28,1816
-32,-32,1832
-36,-20,1876
-48,-44,1888
-60,-68,1924
-64,-100,1968
-96,-112,2008
-100,-140,2036
-96,-128,2064
-120,-160,2116
-108,-128,2136
-104,-136,2140
-104,-112,2176
-84,-108,2192
-88,-112,2208
-56,-92,2216
-52,-68,2228
-60,-56,2248
-36,-44,2248
-60,-44,2232
-60,-36,2264
-28,-44,2240
-72,-76,2248
-108,-68,2272
-108,-92,2260
-112,-116,2256
-120,-128,2240
-124,-140,2248
-96,-148,2224
-96,-144,2208
-80,-136,2192
-68,-120,2136
-48,-96,2092
-40,-72,2068
-20,-76,2044
-24,-56,1988
-28,-36,1964
-48,-24,1928
-68,-16,1912
-84,-20,1884
-96,-40,1848
-92,-36,1828
-108,-60,1800
-112,-60,1768
-84,-80,1788
-104,-84,1740
-76,-112,1712
-68,-112,1720
-44,-120,1724
-36,-108,1696
-24,-100,1696
-12,-92,1672
-36,-68,1688
-20,-60,1688
-56,-32,1660
-56,-24,1684
-84,-24,1688
-100,-24,1696
-100,-16,1744
-108,-20,1712
-92,-20,1756
-88,-32,1772
-80,-60,1816
-60,-76,1820
-60,-84,1852
-48,-108,1896
-52,-120,1908
-28,-104,1932
-40,-112,1968
-56,-128,2016
-56,-132,2036
-88,-108,2068
-68,-80,2072
-92,-76,2084
-100,-72,2112
-112,-52,2132
-112,-32,2164
-112,-60,2180
-104,-48,2216
-76,-60,2228
-80,-72,2260
-72,-80,2260
-56,-80,2260
-48,-108,2252
-64,-108,2264
-68,-116,2284
-72,-120,2280
-88,-124,2268
-84,-132,2268
-84,-124,2248
-108,-116,2216
-112,-120,2220
-108,-88,2192
-104,-92,2168
-104,-64,2108
-80,-56,2096
-64,-52,2088
-60,-44,2040
-36,-28,2028
-32,-28,1992
-48,-48,1972
-20,-40,1932
-28,-40,1936
-56,-52,1888
-56,-76,1872
-64,-100,1828
-84,-80,1808
-92,-124,1820
-104,-112,1772
-104,-108,1748
-84,-96,1744
-84,-88,1720
-72,-80,1716
-44,-64,1692
-36,-44,1696
-8,-12,1692
-12,-24,1684
-8,-12,1692
-12,-24,1684
-16,0,1716
-28,-12,1716
-64,-40,1740
-68,-68,1780
-84,-64,1768
-72,-96,1816
-108,-112,1844
-124,-112,1880
-100,-124,1892
-84,-132,1904
-80,-120,1940
-72,-104,1944
-52,-100,1980
-36,-100,1996
-44,-84,2020
-20,-64,2036
-40,-52,2060
-44,-44,2068
-72,-60,2112
-88,-40,2140
-88,-52,2160
-108,-68,2156
-132,-72,2172
-112,-84,2184
-116,-104,2212
-108,-112,2224
-108,-124,2256
-92,-124,2260
-92,-128,2256
-76,-140,2256
-64,-116,2240
-48,-112,2212
-48,-116,2208
-44,-108,2196
-48,-76,2192
-64,-68,2160
-76,-48,2140
-84,-52,2128
-96,-36,2112
-84,-44,2072
-112,-44,2052
-116,-60,2032
-84,-64,2008
-72,-80,1980
-80,-96,1976
-72,-88,1932
-40,-108,1896
-56,-112,1876
-56,-116,1836
-56,-108,1828
-44,-80,1796
-44,-96,1768
-64,-76,1756
-68,-60,1744
-68,-56,1724
-68,-44,1712
-92,-36,1720
-88,-20,1700
-64,-8,1700
-44,-24,1684
-72,-40,1692
-64,-28,1700
-68,-28,1692
-32,-68,1712
-32,-76,1736
-28,-88,1728
-44,-96,1752
-40,-96,1800
-56,-100,1812
-48,-96,1820
-92,-116,1864
-100,-76,1876
-92,-72,1900
-84,-76,1916
-92,-76,1960
-80,-64,2000
-68,-52,2016
-64,-52,2044
-60,-44,2056
-48,-76,2100
-56,-76,2100
-48,-48,2144
-60,-76,2168
-52,-84,2188
-80,-96,2196
-80,-108,2240
-88,-112,2256
-96,-120,2248
-104,-116,2276
-120,-112,2256
-100,-108,2272
-112,-108,2288
-100,-116,2276
-80,-84,2272
-88,-88,2252
-80,-92,2240
-56,-64,2212
-44,-56,2172
-60,-52,2212
-52,-64,2164
-48,-48,2124
-72,-68,2140
-64,-72,2088
-72,-80,2056
-84,-76,2040
-80,-100,2040
-92,-88,2004
-88,-96,1964
-80,-104,1940
-88,-116,1912
-72,-96,1880
-56,-92,1852
-48,-96,1808
-52,-72,1788
-40,-64,1748
-32,-56,1736
-36,-40,1736
-52,-32,1696
-40,-28,1680
-60,-36,1664
-60,-40,1648
-60,-32,1636
-48,-32,1640
-76,-60,1656
-72,-56,1664
-76,-68,1664
-80,-88,1664
-64,-76,1684
-64,-88,1720
-76,-80,1756
-48,-88,1748
-48,-88,1788
-52,-76,1820
-32,-84,1848
-64,-80,1840
-64,-68,1884
-56,-52,1920
-80,-40,1940
-84,-64,1984
-80,-64,2004
-96,-56,2024
-76,-56,2080
-92,-72,2084
-76,-76,2136
-80,-92,2132
-80,-92,2176
-72,-104,2200
-88,-120,2204
-72,-120,2204
-76,-116,2248
-88,-132,2252
-96,-112,2276
-84,-120,2268
-84,-104,2272
-92,-100,2276
-76,-84,2268
-68,-76,2228
-84,-88,2240
-92,-84,2216
-72,-72,2208
-68,-52,2196
-88,-52,2200
-60,-64,2168
-68,-68,2140
-72,-76,2108
-64,-92,2088
-60,-80,2060
-60,-88,2036
-88,-80,2016
-68,-88,1988
-76,-100,1952
-72,-92,1912
-64,-100,1924
-80,-80,1900
-68,-68,1840
-60,-60,1804
-52,-64,1796
-48,-64,1776
-60,-40,1744
-72,-40,1748
-60,-36,1736
-44,-28,1736
-52,-24,1720
-56,-52,1700
-52,-44,1684
-56,-40,1696
-60,-72,1704
-68,-84,1716
-80,-80,1728
-96,-76,1708
-80,-100,1752
-76,-100,1764
-64,-84,1768
-72,-68,1776
-80,-72,1804
-56,-68,1832
-68,-52,1876
-44,-76,1888
-60,-60,1924
-68,-48,1944
-72,-72,1964
-64,-72,1976
-80,-72,2008
-72,-72,2052
-76,-80,2080
-84,-68,2128
-80,-96,2120
-104,-116,2184
-80,-112,2196
-84,-120,2208
-92,-124,2232
-84,-124,2224
-84,-100,2224
-92,-116,2236
-92,-124,2224
-84,-92,2236
-80,-92,2232
-84,-96,2224
-76,-68,2224
-84,-88,2204
-84,-68,2208
-80,-80,2176
-96,-72,2180
-88,-60,2144
-68,-80,2144
-84,-84,2128
-72,-92,2104
-84,-92,2096
-76,-112,2052
-64,-100,2040
-68,-108,2016
-72,-100,1984
-52,-92,1960
-60,-80,1916
-56,-96,1904
-52,-68,1864
-56,-60,1824
-52,-52,1832
-80,-40,1764
-72,-36,1788
-68,-32,1740
-76,-40,1728
-52,-40,1708
-56,-60,1720
-64,-44,1684
-60,-48,1688
-52,-68,1692
-36,-84,1696
-56,-84,1704
-44,-76,1720
-52,-88,1712
-60,-76,1708
-64,-72,1716
-60,-76,1764
-72,-68,1748
-80,-64,1792
-72,-68,1804
-72,-52,1796
-80,-60,1840
-80,-44,1848
-76,-52,1868
-72,-40,1904
-48,-60,1948
-52,-76,1992
-56,-80,2016
-64,-104,2032
-64,-100,2044
-68,-108,2088
-72,-116,2116
-88,-116,2132
-96,-124,2176
-100,-124,2212
-104,-100,2224
-88,-116,2240
-104,-92,2256
-96,-84,2244
-92,-84,2268
-96,-56,2260
-60,-80,2244
-80,-76,2272
-72,-68,2276
-84,-68,2272
-76,-80,2232
-76,-72,2256
-72,-92,2224
-100,-96,2220
-96,-92,2196
-92,-108,2184
-92,-104,2160
-76,-104,2140
-80,-108,2124
-92,-96,2108
-56,-100,2044
-56,-88,2020
-56,-68,1984
-56,-76,1972
-44,-60,1940
-76,-60,1924
-52,-44,1892
-52,-48,1848
-68,-20,1808
-72,-40,1808
-84,-60,1788
-84,-48,1768
-64,-64,1740
-68,-76,1740
-72,-64,1728
-64,-84,1712
-60,-84,1720
-52,-92,1704
-32,-80,1704
-40,-88,1676
-44,-84,1672
-44,-60,1696
-48,-72,1664
-52,-48,1692
-52,-52,1708
-72,-44,1736
-64,-40,1732
-72,-36,1764
-84,-60,1764
-56,-52,1800
-76,-60,1832
-84,-56,1844
-72,-72,1876
-60,-80,1908
-76,-108,1952
-60,-116,2000
-64,-88,2008
-52,-132,2036
-64,-116,2076
-60,-108,2120
-76,-100,2140
-72,-88,2132
-108,-92,2164
-96,-84,2188
-108,-80,2200
-104,-80,2216
-96,-72,2232
-104,-80,2236
-80,-84,2252
-80,-68,2256
-80,-76,2272
-64,-84,2248
-76,-112,2244
-68,-108,2264
-72,-108,2216
-52,-108,2220
-72,-108,2208
-96,-124,2212
-84,-108,2184
-96,-100,2160
-84,-96,2116
-80,-88,2092
-76,-88,2076
-80,-72,2032
-88,-60,1988
-68,-52,1980
-60,-52,1956
-60,-48,1904
-40,-40,1884
-44,-60,1864
-60,-56,1856
-52,-68,1804
-72,-80,1812
-84,-80,1796
-52,-92,1744
-72,-88,1756
-72,-92,1720
-56,-84,1724
-68,-88,1700
-60,-68,1728
-72,-64,1708
-76,-68,1704
-68,-60,1692
-56,-28,1696
-48,-28,1708
-56,-40,1708
-24,-36,1696
-48,-36,1744
-56,-40,1752
-48,-28,1764
-64,-56,1784
-56,-76,1836
-84,-100,1844
-84,-88,1912
-68,-104,1920
-72,-112,1944
-80,-116,1976
-72,-108,2012
-68,-96,2024
-64,-104,2068
-68,-108,2080
-76,-88,2104
-68,-68,2128
-64,-68,2132
-64,-64,2160
-80,-52,2176
-64,-48,2192
-88,-56,2232
-88,-80,2252
-92,-88,2240
-80,-88,2264
-88,-84,2252
-80,-100,2284
-96,-104,2288
-116,-140,2316
-112,-128,2272
-80,-132,2244
-84,-120,2252
-84,-128,2212
-72,-104,2188
-72,-100,2184
-76,-60,2124
-60,-72,2104
-68,-56,2072
-64,-40,2060
-60,-28,2040
-60,-32,2008
-60,-40,1944
-76,-52,1920
-68,-72,1900
-52,-72,1900
-64,-100,1852
-52,-96,1840
-52,-96,1832
-76,-100,1808
-76,-108,1788
-68,-100,1776
-76,-80,1740
-68,-72,1724
-56,-56,1696
-56,-68,1680
-68,-60,1692
-60,-24,1692
-52,-24,1680
-44,-24,1672
-48,-24,1652
-52,-28,1668
-60,-24,1704
-64,-36,1712
-68,-56,1728
-76,-84,1748
-72,-84,1736
-80,-108,1796
-76,-92,1800
-72,-96,1832
-68,-124,1888
-76,-104,1868
-60,-104,1900
-64,-92,1936
-56,-88,1956
-60,-60,1976
-64,-56,2008
-72,-64,2032
-64,-60,2084
-72,-48,2108
-76,-60,2112
-80,-48,2140
-92,-60,2156
-84,-76,2180
-96,-84,2196
-104,-104,2236
-104,-124,2260
-100,-120,2256
-104,-128,2304
-104,-132,2308
-84,-144,2288
-76,-128,2276
-68,-116,2260
-76,-112,2256
-80,-88,2264
-84,-104,2236
-76,-68,2220
-84,-60,2196
-68,-48,2148
-84,-68,2144
-92,-64,2104
-76,-48,2096
-76,-56,2080
-76,-64,2036
-72,-84,2016
-68,-52,2004
-72,-96,2004
-56,-92,1960
-64,-112,1936
-52,-112,1884
-52,-96,1876
-72,-116,1872
-52,-84,1804
-60,-92,1808
-68,-60,1776
-72,-56,1752
-68,-32,1740
-72,-56,1720
-80,-28,1696
-60,-16,1688
-48,-28,1692
-52,-28,1684
-44,-44,1712
-40,-52,1700
-56,-60,1704
-44,-72,1720
-40,-80,1744
-52,-104,1736
-72,-88,1760
-76,-80,1780
-72,-112,1784
-72,-92,1820
-68,-84,1816
-76,-84,1828
-76,-68,1864
-80,-64,1892
-72,-52,1904
-72,-40,1948
-56,-64,1972
-60,-48,1980
-52,-44,2004
-56,-56,2032
-76,-64,2060
-84,-68,2080
-76,-76,2140
-80,-104,2152
-88,-96,2184
-100,-140,2200
-88,-120,2224
-92,-120,2228
-96,-132,2244
-84,-112,2240
-84,-108,2240
-92,-108,2240
-84,-116,2232
-80,-88,2252
-68,-72,2228
-60,-64,2220
-72,-64,2204
-68,-56,2168
-84,-52,2168
-92,-68,2156
-84,-80,2132
-88,-84,2124
-88,-100,2120
-76,-92,2080
-92,-104,2052
-80,-84,2036
-80,-100,1992
-72,-108,1980
-64,-96,1940
-80,-100,1916
-52,-100,1900
-48,-76,1848
-60,-64,1820
-40,-48,1804
-48,-44,1776
-32,-52,1748
-56,-40,1740
-60,-52,1700
-76,-28,1712
-64,-28,1708
-68,-40,1708
-60,-44,1680
-72,-56,1712
-60,-80,1684
-68,-80,1720
-56,-92,1704
-64,-84,1740
-64,-84,1752
-52,-92,1768
-64,-84,1752
-64,-80,1768
-52,-80,1784
-80,-64,1824
-80,-60,1848
-68,-48,1856
-48,-68,1860
-72,-56,1912
-60,-44,1940
-60,-36,1972
-64,-60,2008
-64,-84,2040
-76,-80,2060
-68,-72,2104
-84,-96,2132
-84,-108,2140
-80,-88,2168
-88,-132,2200
-84,-120,2220
-84,-104,2232
-96,-140,2252
-80,-112,2256
-92,-104,2276
-88,-92,2272
-84,-84,2272
-84,-84,2260
-80,-88,2268
-84,-72,2284
-76,-68,2232
-72,-88,2228
-80,-68,2232
-56,-64,2212
-64,-76,2172
-88,-76,2212
-88,-92,2180
-76,-88,2136
-72,-116,2128
-76,-108,2088
-80,-100,2060
-76,-108,2016
-72,-84,1992
-72,-72,1940
-72,-84,1908
-80,-76,1876
-60,-56,1852
-52,-56,1828
-44,-28,1788
-56,-32,1760
-44,-40,1724
-56,-28,1720
-64,-40,1688
-48,-48,1680
-60,-52,1696
-68,-60,1664
-76,-76,1688
-68,-64,1668
-80,-68,1680
-60,-92,1672
-68,-92,1644
-68,-80,1716
-56,-96,1680
-72,-84,1716
-56,-64,1724
-56,-72,1728
-56,-48,1748
-64,-64,1780
-60,-56,1808
-52,-24,1840
-68,-52,1864
-60,-60,1884
-52,-44,1912
-64,-76,1960
-92,-68,1972
-92,-88,2008
-80,-84,2040
-76,-92,2072
-64,-112,2084
-76,-100,2136
-92,-112,2144
-84,-116,2180
-68,-104,2196
-84,-108,2216
-84,-104,2228
-72,-92,2252
-80,-88,2260
-92,-104,2244
-88,-92,2260
-88,-56,2264
-88,-60,2272
-84,-76,2252
-100,-80,2268
-88,-84,2240
-64,-84,2240
-84,-84,2244
-72,-100,2216
-88,-100,2184
-64,-100,2184
-60,-104,2152
-56,-116,2132
-72,-104,2104
-84,-88,2064
-68,-104,2028
-60,-92,2020
-68,-80,1988
-72,-64,1952
-60,-64,1928
-56,-52,1896
-80,-40,1872
-60,-48,1836
-68,-24,1808
-68,-60,1788
-60,-52,1784
-56,-60,1756
-52,-56,1740
-52,-76,1744
-80,-64,1736
-56,-76,1700
-48,-84,1688
-48,-84,1684
-52,-80,1700
-64,-92,1716
-60,-64,1704
-68,-64,1716
-92,-64,1736
-80,-48,1720
-60,-40,1724
-68,-36,1764
-64,-52,1792
-68,-40,1804
-56,-36,1824
-68,-64,1860
-44,-48,1864
-72,-52,1936
-68,-80,1956
-80,-84,1988
-64,-96,2008
-64,-100,2024
-88,-108,2060
-84,-104,2092
-80,-120,2108
-96,-124,2120
-88,-108,2124
-84,-88,2148
-84,-96,2144
-76,-104,2188
-56,-80,2192
-84,-84,2220
-92,-88,2220
-80,-80,2236
-96,-68,2240
-96,-72,2216
-100,-76,2224
-84,-104,2224
-84,-92,2220
-88,-96,2204
-104,-120,2200
-92,-104,2192
-88,-116,2172
-80,-108,2172
-84,-128,2136
-72,-116,2120
-72,-88,2084
-72,-76,2084
-40,-80,2036
-64,-60,2012
-52,-64,1968
-60,-68,1952
-68,-68,1924
-68,-60,1900
-84,-52,1880
-68,-44,1828
-76,-56,1824
-80,-52,1816
-56,-56,1792
-68,-68,1780
-64,-76,1752
-60,-84,1732
-32,-80,1720
-52,-84,1728
-60,-76,1700
-48,-68,1692
-56,-60,1692
-64,-56,1700
-68,-64,1672
-64,-36,1688
-56,-40,1704
-76,-28,1716
-64,-44,1748
-60,-40,1756
-64,-36,1768
-72,-52,1796
-44,-48,1824
-44,-68,1828
-52,-72,1848
-64,-88,1900
-56,-88,1932
-72,-96,1924
-84,-96,1988
-56,-108,1984
-68,-96,2024
-76,-100,2064
-80,-96,2076
-76,-72,2116
-88,-88,2148
-88,-80,2172
-68,-80,2152
-80,-72,2204
-96,-80,2232
-68,-64,2232
-76,-80,2244
-88,-64,2244
-92,-88,2252
-88,-100,2256
-76,-124,2268
-80,-120,2260
-72,-116,2284
-92,-120,2248
-84,-120,2264
-100,-136,2228
-84,-104,2216
-92,-120,2220
-80,-92,2188
-88,-92,2196
-92,-88,2140
-76,-52,2132
-64,-56,2080
-68,-68,2040
-48,-36,2020
-72,-48,2004
-76,-48,1992
-80,-52,1956
-68,-64,1928
-68,-56,1880
-56,-76,1896
-64,-68,1820
-72,-72,1832
-64,-88,1792
-60,-84,1784
-48,-88,1736
-44,-68,1720
-56,-48,1708
-44,-56,1680
-44,-68,1684
-40,-52,1672
-52,-40,1648
-68,-32,1672
-56,-24,1644
-52,-40,1668
-76,-36,1672
-60,-40,1688
-60,-56,1692
-64,-56,1716
-72,-72,1708
-68,-88,1760
-64,-84,1784
-64,-76,1796
-72,-112,1840
-60,-132,1888
-44,-112,1900
-68,-108,1928
-68,-80,1944
-52,-76,1968
-68,-72,2020
-72,-56,2040
-68,-64,2076
-76,-64,2104
-80,-48,2116
-92,-68,2148
-80,-64,2160
-96,-52,2180
-92,-72,2216
-84,-96,2216
-76,-104,2224
-76,-112,2240
-92,-124,2252
-80,-128,2268
-72,-120,2268
-88,-120,2264
-84,-124,2280
-92,-108,2244
-88,-104,2236
-96,-108,2248
-76,-76,2208
-76,-84,2192
-84,-68,2192
-76,-48,2164
-80,-56,2120
-68,-64,2096
-68,-40,2076
-52,-48,2068
-84,-68,2012
-80,-72,1988
-76,-76,1944
-60,-88,1916
-76,-104,1892
-80,-88,1884
-76,-96,1856
-56,-92,1848
-64,-96,1792
-68,-76,1800
-68,-84,1792
-52,-64,1772
-56,-48,1728
-60,-44,1704
-72,-40,1704
-48,-28,1696
-44,-24,1692
-52,-24,1672
-56,-24,1680
-40,-24,1676
-72,-28,1684
-68,-64,1708
-68,-60,1736
-64,-56,1744
-64,-72,1748
-80,-96,1780
-72,-108,1808
-72,-108,1836
-68,-96,1844
-68,-68,1888
-64,-68,1912
-60,-76,1928
-56,-76,1968
-56,-68,1984
-52,-36,2004
-80,-72,2028
-60,-68,2076
-76,-76,2108
-72,-68,2116
-68,-76,2148
-72,-72,2152
-88,-92,2196
-92,-104,2220
-80,-112,2240
-76,-124,2256
-72,-120,2264
-92,-136,2264
-100,-140,2272
-100,-124,2272
-72,-104,2260
-80,-108,2244
-80,-92,2252
-80,-88,2212
-88,-68,2208
-68,-60,2196
-88,-68,2168
-80,-44,2136
-64,-52,2112
-76,-68,2080
-68,-68,2080
-64,-64,2036
-76,-84,2028
-72,-72,2016
-80,-80,1984
-64,-92,1956
-60,-104,1940
-68,-104,1900
-56,-108,1868
-64,-88,1864
-68,-88,1816
-68,-88,1808
-60,-68,1784
-56,-56,1760
-76,-40,1752
-76,-36,1724
-64,-28,1716
-72,-40,1696
-52,-36,1684
-68,-20,1708
-56,-36,1672
-60,-48,1692
-60,-44,1684
-76,-60,1692
-68,-72,1716
-56,-80,1716
-60,-104,1736
-64,-88,1760
-48,-104,1748
-68,-88,1784
-72,-92,1812
-52,-64,1828
-56,-80,1840
-68,-48,1860
-56,-64,1912
-60,-52,1924
-52,-52,1960
-68,-36,1972
-68,-56,2004
-56,-76,2020
-80,-76,2064
-72,-76,2100
-88,-80,2112
-88,-112,2168
-72,-104,2160
-84,-104,2196
-84,-124,2224
-92,-116,2248
-84,-132,2248
-88,-112,2272
-92,-116,2268
-88,-104,2260
-96,-104,2252
-84,-76,2272
-68,-100,2248
-80,-56,2256
-64,-84,2248
-80,-68,2244
-80,-68,2232
-80,-76,2200
-76,-84,2176
-84,-72,2180
-84,-92,2140
-92,-92,2128
-84,-100,2112
-64,-100,2068
-80,-112,2048
-60,-92,2008
-68,-88,1996
-80,-96,1980
-68,-100,1952
-56,-76,1900
-52,-48,1868
-60,-52,1836
-76,-28,1812
-68,-36,1776
-60,-24,1760
-72,-32,1760
-64,-36,1756
-60,-56,1724
-72,-48,1708
-68,-56,1696
-52,-64,1704
-52,-76,1692
-64,-80,1712
-44,-68,1700
-44,-68,1692
-52,-92,1712
-56,-76,1708
-60,-92,1716
-60,-80,1716
-60,-80,1756
-60,-76,1764
-84,-84,1780
-68,-80,1784
-80,-68,1808
-72,-64,1824
-52,-68,1876
-64,-72,1888
-56,-60,1908
-64,-60,1952
-64,-72,1968
-60,-60,1984
-68,-100,2040
-68,-92,2080
-84,-112,2096
-96,-108,2132
-84,-108,2136
-96,-112,2180
-112,-108,2172
-112,-96,2216
-104,-84,2220
-92,-92,2244
-68,-72,2228
-88,-60,2240
-72,-64,2256
-76,-56,2240
-60,-68,2212
-52,-60,2240
-44,-64,2220
-52,-68,2216
-64,-72,2216
-88,-76,2192
-96,-104,2196
-92,-104,2188
-104,-80,2160
-104,-104,2140
-92,-96,2132
-80,-60,2092
-80,-80,2072
-76,-56,2012
-56,-72,2004
-60,-56,1992
-28,-52,1944
-56,-36,1908
-32,-48,1860
-44,-40,1844
-40,-56,1816
-32,-60,1824
-60,-72,1760
-76,-48,1756
-76,-60,1744
-92,-92,1732
-84,-88,1708
-84,-104,1696
-88,-100,1696
-84,-104,1688
-40,-104,1676
-52,-100,1672
-56,-84,1676
-32,-96,1684
-36,-84,1700
-24,-60,1700
-40,-56,1744
-64,-52,1728
-68,-36,1768
-68,-28,1764
-72,-40,1816
-76,-36,1816
-96,-52,1856
-92,-48,1892
-96,-68,1928
-72,-96,1940
-76,-80,1972
-64,-108,2000
-68,-100,2056
-48,-96,2096
-64,-116,2120
-48,-104,2152
-72,-104,2180
-84,-88,2180
-80,-104,2192
-92,-104,2236
-96,-92,2244
-120,-84,2260
-104,-76,2260
-92,-88,2300
-104,-96,2304
-92,-84,2276
-80,-80,2304
-76,-80,2292
-60,-96,2272
-72,-100,2256
-72,-120,2268
-60,-108,2244
-92,-104,2256
-84,-116,2208
-84,-108,2180
-96,-96,2172
-68,-76,2096
-96,-80,2080
-96,-76,2064
-84,-64,2004
-88,-52,1976
-60,-52,1940
-68,-32,1892
-64,-28,1872
-52,-52,1840
-44,-40,1816
-48,-36,1784
-48,-64,1776
-44,-40,1748
-60,-80,1724
-40,-56,1720
-76,-80,1728
-68,-80,1708
-64,-80,1668
-76,-92,1692
-60,-92,1692
-76,-80,1684
-76,-68,1672
-76,-60,1680
-48,-60,1668
-60,-48,1676
-76,-56,1696
-56,-40,1720
-64,-60,1728
-80,-52,1744
-60,-60,1740
-60,-60,1760
-68,-92,1816
-56,-84,1856
-68,-108,1872
-76,-88,1916
-68,-116,1944
-68,-116,1964
-84,-116,1984
-64,-116,2016
-60,-92,2052
-64,-120,2072
-64,-92,2096
-72,-88,2116
-48,-68,2148
-68,-40,2160
-80,-60,2192
-88,-52,2204
-80,-68,2240
-80,-56,2256
-88,-64,2248
-108,-84,2256
-80,-80,2260
-104,-88,2268
-104,-104,2276
-112,-112,2304
-88,-112,2272
-84,-132,2264
-72,-116,2244
-72,-124,2244
-96,-124,2248
-76,-108,2184
-60,-104,2184
-68,-92,2144
-76,-72,2120
-80,-72,2072
-64,-56,2076
-84,-36,2016
-68,-52,1996
-64,-44,1964
-60,-40,1924
-76,-52,1900
-72,-52,1864
-68,-76,1844
-68,-64,1832
-68,-84,1812
-64,-84,1792
-40,-76,1776
-64,-92,1748
-52,-84,1712
-68,-92,1700
-60,-68,1716
-60,-64,1704
-72,-36,1696
-88,-56,1692
-60,-24,1688
-84,-24,1692
-64,-28,1696
-60,-12,1720
-52,-24,1716
-56,-40,1744
-56,-56,1752
-56,-64,1812
-56,-72,1804
-68,-84,1856
-64,-104,1880
-52,-92,1896
-64,-124,1912
-72,-120,1952
-84,-124,1948
-76,-120,1984
-84,-92,2016
-68,-92,2040
-92,-96,2072
-84,-68,2052
-76,-68,2100
-96,-64,2116
-84,-64,2132
-92,-52,2128
-72,-64,2164
-80,-72,2168
-56,-68,2156
-52,-84,2196
-28,-104,2184
-52,-120,2212
-76,-136,2244
-108,-144,2248
-132,-136,2248
-128,-120,2220
-124,-108,2204
-116,-128,2208
-100,-96,2184
-100,-76,2176
-76,-68,2176
-52,-52,2132
-20,-48,2104
0,-44,2068
-4,-60,2072
-8,-56,2064
-44,-64,2052
-56,-56,2012
-72,-80,1992
-96,-68,1992
-100,-84,1936
-84,-84,1904
-100,-84,1896
-132,-100,1900
-100,-104,1860
-100,-80,1832
-80,-72,1820
-72,-60,1784
-44,-52,1756
-32,-32,1732
-44,-36,1724
-20,-40,1724
-20,-32,1704
-28,-32,1700
-32,-28,1672
-52,-40,1684
-80,-44,1684
-92,-52,1720
-116,-52,1704
-120,-72,1748
-116,-68,1752
-100,-92,1764
-88,-108,1780
-76,-108,1808
-40,-116,1816
-28,-112,1836
-8,-100,1884
-8,-84,1880
4,-64,1904
-16,-72,1928
-32,-64,1964
-68,-52,2004
-84,-44,2032
-116,-48,2072
-112,-60,2096
-136,-52,2084
-124,-72,2152
-124,-96,2156
-104,-104,2204
-100,-120,2232
-80,-128,2252
-48,-128,2268
-40,-140,2268
-28,-128,2284
-36,-128,2288
-40,-116,2276
-44,-120,2284
-64,-108,2268
-116,-92,2276
-112,-104,2260
-124,-84,2244
-136,-68,2220
-120,-52,2200
-124,-52,2160
-120,-56,2148
-96,-48,2140
-56,-56,2108
-48,-76,2088
-32,-48,2076
-32,-48,2012
-32,-72,2008
-40,-96,1992
-44,-104,1936
-44,-88,1924
-72,-76,1876
-96,-100,1868
-92,-92,1828
-128,-96,1800
-104,-68,1772
-92,-52,1728
-68,-64,1708
-52,-52,1676
-24,-44,1692
-32,-32,1656
-4,-20,1672
-8,-48,1660
-12,-28,1648
-16,-36,1656
-20,-56,1656
-60,-84,1680
-64,-92,1684
-84,-88,1700
-96,-100,1708
-104,-92,1744
-104,-80,1780
-108,-92,1768
-96,-84,1804
-88,-76,1848
-56,-76,1844
-52,-56,1860
-40,-52,1888
-48,-48,1936
-20,-40,1964
-32,-36,1980
-48,-48,2004
-48,-52,2008
-60,-48,2064
-96,-76,2116
-108,-84,2148
-108,-84,2152
-116,-128,2176
-132,-100,2188
-112,-112,2224
-104,-104,2240
-88,-116,2228
-60,-108,2256
-56,-104,2260
-64,-96,2276
-52,-100,2260
-40,-92,2248
-44,-96,2228
-52,-76,2244
-60,-80,2224
-80,-76,2228
-96,-92,2208
-108,-88,2188
-108,-96,2196
-120,-96,2156
-104,-88,2132
-100,-116,2124
-80,-96,2088
-68,-100,2016
-72,-104,2032
-32,-92,2008
-40,-88,1972
-16,-88,1928
-16,-84,1920
-24,-72,1856
-32,-64,1860
-48,-64,1836
-68,-44,1824
-72,-48,1776
-84,-56,1748
-96,-48,1756
-104,-32,1736
-88,-56,1728
-92,-40,1736
-64,-52,1716
-52,-52,1688
-44,-44,1700
-48,-72,1700
-36,-52,1724
-40,-68,1736
-40,-68,1720
-40,-56,1752
-28,-56,1740
-68,-84,1780
-64,-64,1776
-84,-76,1800
-108,-56,1828
-100,-68,1844
-100,-80,1876
-100,-60,1904
-76,-60,1924
-76,-72,1940
-56,-52,1976
-56,-64,2016
-56,-92,2036
-48,-84,2056
-28,-84,2108
-44,-92,2120
-52,-104,2140
-68,-116,2176
-68,-120,2184
-80,-104,2200
-100,-120,2212
-108,-128,2232
-112,-120,2236
-128,-116,2236
-116,-116,2244
-112,-100,2248
-84,-92,2228
-84,-80,2208
-76,-88,2236
-76,-56,2180
-68,-64,2172
-52,-72,2168
-56,-60,2156
-64,-68,2144
-72,-92,2168
-76,-72,2120
-80,-92,2108
-88,-104,2084
-92,-92,2056
-112,-96,2024
-104,-100,2008
-80,-80,1968
-80,-92,1940
-68,-88,1920
-64,-68,1900
-56,-64,1860
-36,-56,1840
-28,-52,1824
-40,-52,1760
-48,-44,1772
-44,-40,1748
-56,-28,1736
-56,-48,1736
-84,-56,1696
-84,-64,1720
-80,-68,1692
-96,-72,1704
-88,-84,1700
-68,-72,1684
-76,-76,1712
-60,-76,1688
-52,-92,1732
-36,-72,1728
-52,-80,1728
-36,-76,1748
-36,-52,1780
-44,-60,1796
-44,-56,1840
-64,-44,1848
-68,-68,1880
-76,-52,1892
-84,-68,1904
-76,-64,1968
-104,-68,1972
-88,-76,2012
-88,-92,2040
-76,-100,2080
-80,-100,2104
-68,-100,2140
-80,-124,2168
-56,-116,2176
-60,-96,2188
-60,-96,2220
-68,-100,2232
-68,-92,2240
-84,-108,2260
-88,-80,2276
-88,-60,2268
-96,-88,2260
-104,-72,2284
-108,-72,2260
-88,-76,2272
-96,-76,2260
-84,-104,2228
-72,-88,2212
-88,-100,2212
-64,-108,2184
-68,-116,2180
-52,-104,2156
-72,-120,2108
-64,-92,2100
-64,-84,2056
-88,-96,2056
-80,-68,2012
-84,-76,1972
-80,-64,1936
-76,-60,1932
-68,-56,1904
-68,-32,1864
-68,-40,1844
-48,-36,1828
-56,-60,1788
-48,-40,1780
-36,-48,1740
-56,-64,1752
-48,-80,1744
-52,-88,1736
-80,-92,1728
-68,-92,1704
-64,-72,1692
-72,-84,1680
-88,-68,1680
-72,-52,1692
-64,-68,1692
-64,-44,1696
-68,-52,1704
-56,-44,1732
-60,-44,1736
-44,-48,1752
-44,-32,1752
-60,-48,1780
-72,-60,1816
-64,-68,1828
-68,-64,1868
-72,-84,1896
-80,-68,1936
-84,-104,1956
-92,-108,2012
-100,-104,2024
-84,-100,2064
-56,-88,2080
-76,-88,2092
-80,-92,2144
-84,-80,2160
-76,-84,2164
-76,-64,2204
-80,-68,2212
-88,-68,2220
-72,-56,2220
-80,-72,2220
-92,-68,2244
-96,-96,2236
-104,-92,2244
-80,-112,2248
-112,-92,2240
-92,-120,2228
-88,-116,2240
-80,-112,2208
-80,-112,2188
-88,-112,2184
-80,-96,2164
-72,-104,2132
-64,-80,2136
-76,-72,2096
-76,-80,2056
-72,-72,2044
-64,-56,1996
-64,-40,1988
-56,-40,1928
-56,-52,1940
-52,-60,1880
-76,-60,1892
-52,-64,1844
-76,-76,1816
-68,-68,1808
-84,-88,1804
-52,-100,1764
-52,-76,1748
-76,-88,1724
-60,-84,1712
-44,-68,1712
-44,-76,1712
-60,-68,1700
-44,-40,1724
-64,-48,1680
-68,-36,1688
-72,-28,1692
-52,-40,1716
-60,-32,1728
-64,-44,1736
-72,-36,1752
-64,-56,1768
-80,-60,1808
-68,-88,1836
-80,-96,1868
-68,-80,1896
-52,-88,1908
-72,-104,1924
-60,-120,1964
-48,-108,1992
-68,-108,2004
-68,-104,2056
-68,-80,2092
-84,-96,2112
-80,-88,2140
-76,-72,2156
-92,-84,2176
-96,-76,2212
-88,-72,2204
-88,-64,2244
-92,-84,2256
-96,-100,2260
-80,-96,2260
-76,-104,2272
-80,-96,2288
-84,-120,2272
-68,-108,2260
-88,-108,2260
-88,-108,2252
-76,-104,2220
-100,-104,2216
-92,-92,2184
-84,-64,2140
-68,-76,2132
-84,-80,2116
-80,-52,2072
-84,-72,2056
-76,-52,2040
-60,-52,1972
-56,-56,1972
-68,-84,1956
-64,-68,1920
-64,-68,1876
-52,-80,1856
-68,-88,1832
-68,-72,1832
-64,-84,1800
-52,-76,1788
-72,-100,1740
-76,-80,1736
-72,-76,1708
-64,-84,1708
-64,-48,1676
-64,-72,1680
-52,-24,1684
-52,-44,1680
-48,-48,1668
-48,-36,1676
-60,-24,1680
-40,-48,1692
-72,-56,1712
-52,-52,1716
-72,-76,1740
-56,-76,1752
-84,-76,1776
-80,-104,1796
-84,-112,1832
-92,-104,1856
-92,-108,1900
-64,-104,1896
-68,-84,1956
-80,-84,1980
-56,-64,1992
-68,-76,2032
-72,-48,2060
-56,-48,2084
-72,-64,2104
-68,-68,2136
-88,-60,2144
-84,-72,2168
-76,-64,2184
-80,-92,2228
-96,-100,2236
-88,-96,2244
-104,-112,2256
-100,-112,2260
-92,-120,2268
-92,-124,2272
-80,-132,2296
-68,-108,2284
-80,-120,2240
-76,-104,2248
-88,-96,2240
-60,-80,2220
-68,-80,2180
-72,-60,2192
-72,-52,2152
-68,-64,2108
-68,-64,2084
-88,-52,2068
-76,-56,2044
-84,-76,2016
-72,-92,1992
-64,-84,1980
-56,-88,1940
-80,-100,1924
-56,-96,1896
-48,-96,1864
-68,-100,1848
-44,-76,1804
-56,-76,1796
-68,-56,1756
-64,-68,1760
-80,-48,1756
-72,-40,1736
-52,-32,1740
-72,-36,1716
-64,-36,1716
-48,-32,1680
-64,-64,1708
-60,-24,1684
-56,-48,1684
-76,-56,1732
-72,-84,1736
-56,-76,1728
-48,-88,1768
-60,-100,1768
-64,-88,1796
-44,-88,1796
-72,-92,1844
-56,-92,1864
-64,-72,1860
-40,-76,1896
-64,-76,1912
-84,-52,1936
-56,-68,1964
-72,-68,1988
-48,-60,2012
-76,-56,2028
-72,-80,2060
-76,-84,2084
-84,-96,2112
-88,-104,2120
-88,-76,2156
-84,-104,2200
-100,-120,2204
-88,-132,2216
-92,-140,2260
-108,-128,2272
-92,-112,2272
-100,-120,2272
-84,-120,2260
-80,-100,2236
-96,-80,2236
-72,-72,2208
-64,-56,2196
-64,-56,2176
-76,-60,2164
-68,-48,2168
-84,-60,2136
-60,-84,2108
-64,-72,2092
-92,-72,2068
-84,-88,2024
-92,-76,2016
-64,-92,1984
-72,-104,1960
-64,-84,1928
-64,-96,1924
-64,-96,1872
-68,-76,1872
-60,-76,1828
-48,-56,1784
-40,-52,1776
-40,-44,1740
-56,-48,1748
-52,-36,1724
-60,-36,1728
-64,-32,1720
-72,-40,1696
-64,-36,1716
-60,-64,1692
-52,-72,1716
-72,-84,1696
-72,-76,1712
-84,-84,1732
-56,-88,1756
-56,-108,1764
-60,-88,1764
-56,-76,1788
-60,-80,1816
-56,-60,1840
-52,-76,1872
-72,-60,1868
-72,-56,1908
-68,-68,1936
-80,-64,1964
-88,-44,1988
-92,-56,2000
-84,-68,2028
-60,-60,2056
-64,-80,2080
-72,-96,2124
-64,-92,2140
-64,-108,2176
-60,-112,2204
-88,-108,2200
-80,-120,2224
-76,-120,2236
-84,-100,2256
-104,-92,2244
-88,-92,2272
-96,-88,2244
-104,-68,2268
-92,-76,2268
-88,-68,2236
-84,-64,2232
-80,-76,2244
-76,-68,2228
-76,-72,2208
-68,-76,2180
-60,-88,2192
-64,-80,2148
-84,-100,2136
-56,-112,2108
-64,-104,2088
-80,-128,2060
-76,-92,2000
-80,-88,1984
-84,-108,1968
-84,-84,1912
-76,-100,1868
-68,-84,1880
-68,-72,1812
-68,-36,1768
-64,-52,1792
-64,-28,1752
-52,-28,1736
-52,-32,1712
-36,-32,1668
-56,-44,1680
-60,-48,1676
-60,-64,1676
-72,-72,1676
-56,-80,1672
-68,-68,1700
-76,-88,1700
-80,-96,1700
-88,-84,1692
-68,-84,1708
-68,-68,1724
-68,-64,1752
-52,-64,1768
-56,-48,1776
-56,-68,1824
-56,-24,1828
-40,-32,1844
-44,-56,1884
-60,-48,1888
-56,-44,1924
-84,-64,1968
-64,-76,2008
-76,-88,2024
-76,-104,2068
-96,-108,2084
-92,-116,2120
-80,-108,2164
-92,-132,2168
-92,-116,2196
-84,-120,2212
-80,-112,2232
-68,-100,2248
-100,-116,2240
-64,-84,2252
-76,-84,2248
-68,-80,2236
-76,-76,2268
-72,-92,2232
-76,-72,2232
-88,-80,2236
-92,-92,2268
-88,-84,2220
-88,-104,2212
-84,-96,2200
-88,-108,2164
-68,-96,2136
-56,-88,2112
-72,-88,2100
-80,-108,2088
-88,-80,2056
-80,-72,2016
-60,-64,2000
-52,-60,1948
-64,-48,1940
-56,-52,1872
-56,-36,1868
-68,-44,1828
-60,-32,1804
-52,-60,1804
-56,-44,1784
-64,-56,1760
-44,-64,1740
-72,-72,1744
-56,-64,1728
-48,-68,1716
-64,-68,1736
-56,-100,1700
-56,-76,1700
-56,-72,1704
-60,-76,1736
-56,-84,1732
-64,-68,1740
-60,-52,1756
-52,-40,1740
-64,-56,1760
-56,-32,1768
-68,-44,1820
-76,-60,1840
-60,-56,1844
-60,-68,1888
-84,-76,1904
-60,-80,1932
-64,-72,1980
-64,-96,2012
-68,-92,2024
-72,-100,2032
-68,-108,2076
-72,-104,2084
-72,-120,2108
-84,-92,2144
-88,-84,2156
-88,-88,2180
-80,-92,2188
-88,-84,2196
-92,-92,2208
-84,-84,2216
-76,-72,2224
-88,-96,2232
-80,-92,2240
-68,-84,2256
-60,-72,2224
-72,-96,2236
-80,-112,2228
-88,-112,2220
-80,-96,2196
-84,-108,2180
-80,-100,2164
-68,-100,2148
-76,-100,2148
-72,-88,2080
-80,-80,2060
-76,-68,2040
-76,-80,1992
-72,-60,1976
-64,-64,1952
-60,-56,1908
-44,-52,1880
-64,-36,1868
-72,-72,1836
-60,-60,1840
-52,-68,1812
-44,-48,1776
-64,-52,1736
-60,-64,1740
-44,-68,1716
-68,-56,1716
-56,-72,1712
-76,-68,1700
-56,-64,1704
-68,-80,1716
-68,-72,1688
-76,-76,1696
-76,-48,1708
-56,-52,1708
-52,-72,1712
-64,-52,1720
-56,-44,1764
-44,-64,1760
-56,-52,1788
-60,-76,1824
-48,-72,1844
-40,-68,1864
-80,-84,1908
-64,-100,1932
-68,-68,1944
-56,-88,1992
-68,-92,2020
-64,-108,2036
-88,-84,2080
-72,-88,2100
-76,-100,2120
-76,-112,2136
-84,-92,2152
-92,-108,2200
-76,-92,2208
-56,-92,2216
-80,-80,2228
-72,-96,2240
-84,-96,2252
-92,-96,2260
-88,-92,2252
-100,-80,2284
-112,-96,2284
-88,-104,2256
-84,-92,2252
-84,-108,2256
-88,-92,2232
-76,-104,2204
-76,-108,2184
-72,-96,2160
-60,-88,2172
-68,-96,2112
-72,-76,2092
-48,-88,2080
-52,-76,2052
-68,-72,2008
-72,-76,1992
-56,-60,1972
-64,-48,1932
-64,-72,1912
-68,-68,1880
-52,-52,1852
-56,-76,1832
-48,-56,1792
-52,-72,1768
-56,-64,1768
-60,-56,1732
-60,-72,1724
-68,-68,1696
-64,-60,1688
-64,-68,1668
-76,-60,1664
-56,-64,1644
-68,-72,1652
-76,-68,1668
-64,-60,1648
-72,-48,1648
-76,-52,1684
-52,-64,1700
-68,-56,1704
-56,-76,1752
-64,-72,1784
-72,-56,1808
-88,-88,1816
-72,-68,1848
-64,-80,1856
-64,-80,1896
-68,-72,1944
-68,-96,1960
-72,-88,1992
-68,-68,2020
-72,-88,2048
-84,-84,2096
-72,-108,2120
-72,-84,2116
-88,-72,2144
-84,-84,2184
-76,-68,2192
-80,-104,2224
-80,-92,2232
-72,-84,2228
-92,-100,2276
-92,-84,2276
-84,-80,2260
-80,-92,2264
-84,-88,2264
-100,-104,2252
-68,-92,2276
-68,-80,2248
-92,-108,2236
-88,-112,2208
-88,-92,2200
-80,-104,2176
-80,-92,2152
-80,-92,2136
-72,-84,2076
-76,-64,2068
-72,-80,2044
-64,-88,2012
-68,-80,1980
-60,-72,1952
-72,-68,1936
-64,-60,1892
-48,-60,1880
-44,-68,1832
-44,-72,1812
-64,-64,1772
-44,-60,1752
-72,-52,1780
-84,-72,1744
-72,-80,1728
-80,-80,1716
-68,-64,1696
-64,-68,1704
-64,-72,1692
-68,-60,1692
-68,-60,1680
-48,-48,1692
-52,-40,1696
-52,-40,1704
-44,-68,1720
-52,-48,1744
-48,-60,1760
-64,-52,1780
-76,-48,1824
-76,-68,1832
-64,-68,1852
-64,-80,1908
-80,-84,1908
-68,-92,1956
-84,-104,1976
-72,-80,2004
-84,-116,2028
-72,-96,2036
-56,-72,2068
-72,-84,2100
-60,-76,2132
-64,-80,2144
-68,-92,2176
-68,-68,2192
-72,-88,2232
-76,-88,2232
-88,-72,2248
-96,-80,2248
-104,-80,2244
-92,-100,2252
-96,-92,2264
-104,-112,2232
-96,-88,2252
-76,-96,2224
-80,-108,2240
-72,-96,2220
-72,-88,2188
-72,-104,2180
-76,-112,2152
-56,-92,2108
-68,-76,2096
-60,-68,2060
-52,-80,2048
-80,-40,2052
-68,-60,1996
-76,-56,1972
-68,-56,1944
-72,-60,1956
-68,-72,1892
-68,-60,1852
-60,-72,1840
-64,-60,1820
-72,-92,1772
-44,-76,1780
-40,-88,1752
-60,-84,1752
-68,-84,1736
-56,-92,1716
-68,-84,1712
-60,-52,1704
-72,-56,1684
-68,-56,1676
-64,-48,1668
-72,-36,1696
-76,-52,1700
-72,-36,1708
-40,-56,1704
-80,-44,1716
-68,-40,1728
-68,-52,1764
-64,-72,1780
-52,-76,1800
-56,-92,1844
-48,-112,1832
-44,-108,1888
-64,-96,1908
-64,-100,1932
-76,-96,1948
-84,-96,1968
-88,-68,2020
-92,-56,2052
-80,-76,2088
-84,-80,2120
-72,-72,2140
-76,-72,2156
-84,-68,2192
-68,-76,2212
-64,-88,2216
-80,-96,2240
-84,-88,2252
-80,-96,2264
-88,-100,2256
-88,-100,2272
-80,-128,2296
-100,-124,2268
-92,-104,2264
-88,-104,2268
-88,-108,2248
-92,-108,2244
-84,-108,2244
-100,-80,2220
-64,-60,2192
-80,-64,2164
-76,-80,2132
-56,-68,2100
-64,-68,2068
-72,-76,2072
-56,-68,2044
-72,-80,2012
-60,-72,1980
-76,-80,1960
-72,-76,1920
-92,-96,1900
-68,-80,1892
-72,-88,1840
-72,-92,1808
-84,-84,1784
-60,-64,1784
-56,-68,1768
-56,-48,1752
-64,-48,1732
-44,-44,1720
-48,-44,1700
-48,-36,1712
-60,-40,1688
-64,-40,1688
-52,-48,1676
-64,-52,1692
-64,-48,1688
-68,-64,1700
-68,-80,1712
-72,-72,1744
-52,-80,1716
-64,-76,1748
-68,-84,1772
-64,-96,1808
-56,-80,1812
-56,-80,1848
-64,-68,1852
-68,-84,1900
-84,-68,1932
-64,-76,1964
-64,-68,2008
-76,-76,2016
-76,-56,2064
-80,-72,2096
-84,-72,2100
-76,-92,2144
-68,-100,2144
-80,-104,2176
-80,-100,2192
-84,-88,2212
-84,-116,2240
-92,-104,2244
-92,-116,2248
-92,-108,2268
-80,-96,2264
-96,-108,2264
-76,-96,2252
-76,-84,2228
-88,-96,2252
-84,-76,2236
-64,-84,2216
-84,-68,2204
-76,-72,2168
-68,-72,2152
-80,-68,2112
-64,-60,2116
-80,-64,2080
-40,-80,2032
-72,-60,2024
-80,-88,1988
-68,-84,1956
-80,-88,1952
-84,-92,1920
-68,-84,1900
-60,-88,1860
-68,-84,1824
-68,-88,1828
-52,-64,1812
-68,-68,1776
-64,-68,1740
-40,-72,1732
-56,-44,1736
-52,-40,1708
-72,-44,1700
-56,-44,1696
-56,-44,1676
-56,-36,1692
-64,-52,1700
-60,-56,1712
-84,-72,1724
-80,-80,1736
-72,-68,1748
-72,-84,1756
-72,-84,1796
-72,-76,1796
-72,-80,1828
-68,-76,1852
-52,-92,1872
-68,-88,1888
-52,-92,1932
-68,-72,1952
-68,-80,1980
-56,-76,1992
-56,-80,2024
-60,-68,2072
-80,-84,2096
-92,-72,2116
-68,-76,2148
-84,-72,2144
-88,-100,2184
-80,-92,2208
-84,-108,2212
-76,-124,2252
-84,-112,2264
-80,-120,2252
-88,-116,2288
-88,-116,2292
-64,-104,2260
-76,-108,2268
-84,-88,2260
-80,-88,2272
-76,-92,2248
-92,-68,2196
-84,-84,2196
-80,-80,2180
-80,-76,2152
-80,-68,2140
-84,-92,2116
-80,-96,2080
-76,-72,2040
-72,-84,2024
-68,-60,1984
-68,-76,1948
-68,-76,1928
-84,-84,1920
-72,-68,1872
-68,-88,1840
-56,-80,1808
-44,-52,1768
-68,-68,1792
-68,-64,1748
-56,-44,1716
-64,-48,1736
-68,-48,1708
-68,-44,1700
-68,-52,1688
-64,-44,1672
-56,-44,1668
-64,-52,1688
-56,-72,1672
-60,-76,1712
-56,-64,1716
-64,-84,1712
-80,-68,1744
-68,-80,1736
-76,-76,1752
-52,-72,1764
-68,-88,1792
-76,-84,1824
-76,-64,1848
-56,-72,1872
-60,-68,1880
-64,-56,1928
-60,-52,1920
-76,-52,1984
-68,-44,2000
-72,-60,2016
-60,-60,2056
-88,-88,2108
-92,-76,2112
-84,-84,2156
-80,-96,2168
-84,-108,2200
-80,-120,2200
-92,-120,2220
-96,-128,2260
-100,-132,2264
-104,-104,2272
-88,-104,2288
-76,-88,2264
-88,-84,2252
-80,-80,2256
-100,-84,2236
-80,-60,2240
-84,-40,2236
-76,-60,2224
-92,-64,2208
-80,-56,2200
-88,-64,2160
-60,-60,2136
-76,-76,2116
-72,-88,2100
-80,-108,2096
-84,-104,2052
-76,-116,2020
-72,-128,2000
-72,-112,1980
-80,-104,1956
-96,-108,1928
-72,-80,1876
-68,-84,1860
-60,-68,1856
-60,-48,1784
-56,-48,1764
-44,-12,1752
-40,-24,1740
-64,-16,1728
-48,-28,1708
-48,-20,1704
-56,-44,1700
-68,-40,1704
-64,-64,1692
-84,-80,1700
-92,-68,1712
-92,-96,1732
-60,-108,1732
-72,-100,1744
-64,-104,1780
-48,-84,1772
-32,-76,1772
-48,-56,1800
-56,-52,1804
-52,-72,1852
-48,-52,1844
-56,-52,1868
-72,-52,1896
-56,-44,1920
-80,-68,1972
-92,-76,1980
-76,-84,2008
-88,-104,2032
-96,-92,2068
-88,-116,2096
-84,-108,2112
-88,-124,2140
-84,-124,2176
-88,-120,2196
-64,-120,2220
-76,-116,2212
-88,-112,2224
-68,-100,2232
-84,-88,2252
-92,-88,2252
-80,-56,2240
-92,-64,2228
-100,-60,2232
-84,-56,2228
-80,-80,2208
-104,-76,2216
-92,-80,2188
-84,-92,2188
-72,-112,2140
-80,-112,2140
-80,-112,2148
-60,-96,2084
-60,-112,2048
-72,-96,2036
-56,-88,2008
-76,-96,1976
-68,-84,1924
-68,-76,1896
-80,-52,1876
-56,-32,1868
-72,-28,1812
-76,-28,1784
-56,-32,1760
-52,-24,1748
-60,-48,1756
-72,-40,1720
-52,-52,1728
-56,-52,1732
-64,-72,1700
-48,-76,1704
-68,-92,1692
-44,-92,1708
-64,-108,1704
-56,-96,1708
-84,-88,1716
-56,-68,1732
-76,-76,1744
-64,-60,1740
-52,-60,1764
-72,-68,1808
-76,-60,1820
-76,-44,1820
-56,-28,1852
-68,-44,1868
-68,-52,1900
-84,-68,1952
-84,-84,1968
-68,-84,1992
-84,-100,2032
-84,-104,2060
-88,-116,2084
-80,-116,2136
-76,-120,2144
-80,-116,2152
-84,-116,2188
-92,-96,2212
-80,-96,2252
-84,-72,2228
-80,-72,2232
-80,-64,2260
-72,-68,2240
-84,-64,2260
-88,-72,2256
-68,-72,2252
-72,-52,2256
-84,-84,2260
-60,-80,2236
-76,-80,2240
-84,-104,2248
-96,-124,2236
-72,-116,2196
-84,-120,2180
-84,-104,2136
-92,-108,2108
-76,-112,2096
-76,-92,2052
-76,-76,2036
-56,-48,2016
-52,-48,1968
-68,-40,1920
-48,-44,1884
-72,-28,1860
-56,-44,1832
-60,-60,1792
-60,-44,1792
-60,-60,1772
-64,-56,1736
-76,-64,1716
-64,-76,1688
-76,-80,1696
-60,-88,1660
-64,-88,1664
-72,-92,1672
-44,-80,1660
-32,-84,1648
-52,-64,1664
-60,-64,1676
-40,-40,1668
-60,-52,1672
-52,-40,1688
-52,-24,1720
-60,-32,1748
-72,-44,1768
-64,-48,1768
-60,-64,1804
-64,-80,1848
-64,-84,1892
-76,-84,1912
-52,-88,1940
-84,-124,2012
-68,-104,2020
-56,-108,2056
-68,-120,2068
-72,-112,2084
-56,-100,2116
-80,-108,2140
-84,-88,2164
-84,-88,2172
-96,-72,2204
-88,-68,2236
-80,-56,2204
-88,-72,2232
-80,-44,2252
-76,-56,2256
-88,-88,2256
-76,-72,2264
-84,-76,2272
-76,-108,2280
-80,-108,2260
-80,-120,2248
-80,-100,2228
-84,-116,2220
-68,-124,2200
-84,-116,2196
-68,-96,2152
-72,-92,2124
-76,-68,2096
-56,-84,2056
-76,-56,2040
-72,-40,2016
-64,-36,1988
-56,-44,1960
-64,-40,1932
-72,-44,1920
-64,-48,1884
-56,-52,1840
-60,-72,1828
-68,-100,1804
-52,-88,1792
-64,-104,1772
-64,-100,1760
-60,-96,1752
-64,-108,1728
-68,-104,1748
-68,-92,1720
-60,-72,1692
-64,-68,1696
-68,-40,1676
-56,-20,1692
-60,-24,1704
-48,-36,1712
-68,-24,1700
-44,-40,1752
-60,-48,1764
-72,-36,1776
-64,-52,1808
-76,-68,1808
-72,-80,1864
-52,-108,1876
-64,-88,1908
-72,-104,1928
-68,-112,1960
-72,-104,1984
-72,-88,2000
-72,-80,2024
-72,-68,2068
-68,-76,2092
-80,-76,2128
-76,-76,2120
-80,-68,2152
-92,-60,2160
-72,-68,2172
-96,-60,2196
-68,-84,2184
-72,-88,2212
-84,-96,2220
-96,-116,2248
-100,-108,2248
-88,-132,2236
-88,-132,2240
-80,-128,2232
-80,-120,2220
-84,-120,2212
-84,-116,2204
-76,-108,2176
-88,-92,2172
-68,-84,2128
-80,-56,2136
-64,-60,2080
-76,-60,2084
-84,-44,2040
-76,-40,2000
-76,-52,1972
-48,-60,1964
-40,-52,1956
-64,-60,1924
-80,-80,1904
-72,-72,1876
-68,-96,1848
-56,-68,1828
-76,-80,1796
-52,-92,1776
-60,-76,1752
-56,-64,1740
-68,-60,1720
-68,-52,1700
-40,-52,1720
-68,-28,1688
-64,-28,1672
-52,-40,1672
-64,-16,1680
-60,-48,1692
-72,-48,1704
-52,-48,1700
-68,-52,1756
-76,-76,1736
-68,-76,1744
-76,-96,1784
-68,-104,1812
-72,-88,1836
-72,-96,1828
-56,-88,1876
-56,-84,1912
-72,-88,1924
-72,-96,1968
-68,-76,2000
-60,-72,2004
-60,-60,2028
-52,-64,2052
-52,-52,2076
-60,-64,2108
-60,-68,2148
-68,-64,2156
-84,-72,2196
-68,-84,2216
-84,-108,2224
-80,-116,2244
-104,-116,2252
-104,-128,2260
-96,-132,2276
-100,-124,2276
-108,-124,2300
-76,-112,2292
-92,-104,2288
-72,-100,2264
-84,-68,2240
-76,-80,2236
-56,-88,2220
-84,-64,2176
-56,-64,2168
-56,-52,2160
-60,-68,2124
-72,-64,2088
-88,-72,2060
-96,-80,2048
-92,-92,2020
-72,-84,1996
-88,-92,1976
-72,-100,1936
-84,-92,1916
-80,-92,1872
-52,-64,1848
-52,-68,1828
-36,-80,1800
-52,-48,1776
-44,-44,1740
-48,-52,1732
-56,-40,1708
-72,-36,1692
-68,-32,1668
-56,-36,1660
-80,-36,1656
-84,-40,1652
-76,-52,1688
-72,-52,1672
-76,-84,1672
-68,-76,1684
-56,-84,1676
-48,-80,1696
-68,-96,1728
-60,-80,1756
-44,-104,1804
-68,-104,1808
-72,-76,1816
-56,-72,1864
-76,-68,1900
-84,-68,1916
-68,-68,1924
-84,-48,1964
-80,-52,1996
-80,-48,2032
-76,-60,2060
-80,-76,2096
-76,-88,2124
-80,-84,2148
-76,-84,2176
-84,-116,2184
-88,-120,2220
-84,-136,2228
-84,-140,2256
-96,-124,2252
-76,-132,2256
-84,-124,2264
-80,-104,2260
-84,-88,2256
-92,-100,2248
-80,-72,2236
-96,-88,2232
-84,-68,2228
-80,-60,2208
-72,-68,2180
-68,-72,2172
-72,-88,2160
-68,-84,2128
-68,-72,2108
-76,-100,2092
-72,-104,2056
-68,-104,2016
-80,-112,2012
-68,-116,1968
-68,-100,1952
-68,-84,1920
-68,-72,1884
-68,-68,1860
-68,-56,1852
-76,-72,1840
-64,-40,1784
-60,-40,1764
-60,-24,1768
-40,-16,1724
-64,-36,1716
-60,-36,1700
-52,-32,1708
-52,-48,1696
-68,-64,1688
-76,-64,1688
-80,-72,1716
-68,-84,1716
-68,-76,1724
-60,-80,1740
-60,-96,1756
-68,-80,1748
-60,-84,1776
-60,-92,1804
-52,-68,1816
-72,-52,1836
-60,-64,1876
-52,-52,1904
-56,-52,1936
-64,-60,1924
-60,-56,1948
-68,-52,2004
-72,-72,2056
-76,-72,2060
-76,-100,2080
-84,-100,2092
-68,-108,2136
-80,-128,2164
-84,-140,2200
-88,-120,2236
-84,-120,2228
-84,-124,2240
-76,-132,2212
-84,-108,2256
-92,-92,2256
-100,-108,2264
-80,-84,2284
-80,-76,2264
-72,-76,2244
-68,-64,2212
-72,-48,2212
-72,-60,2192
-76,-72,2180
-84,-104,2180
-80,-88,2156
-68,-92,2120
-88,-108,2108
-76,-104,2080
-80,-96,2028
-84,-124,2028
-60,-104,2004
-72,-96,1976
-80,-80,1944
-68,-72,1904
-68,-76,1908
-56,-48,1856
-68,-48,1844
-60,-36,1796
-56,-44,1788
-48,-28,1740
-52,-8,1712
-76,-20,1720
-60,-56,1700
-76,-64,1700
-68,-80,1696
-64,-76,1716
-48,-80,1704
-52,-96,1676
-60,-96,1708
-44,-84,1688
-60,-96,1720
-80,-104,1712
-60,-64,1712
-64,-60,1728
-64,-52,1744
-72,-40,1784
-52,-40,1792
-64,-24,1816
-68,-28,1836
-64,-44,1840
-48,-40,1872
-68,-56,1924
-60,-56,1956
-56,-80,1956
-64,-96,2000
-64,-112,2052
-72,-112,2064
-72,-124,2092
-88,-128,2152
-96,-128,2164
-76,-112,2160
-92,-104,2200
-88,-88,2220
-88,-92,2232
-92,-76,2248
-80,-72,2248
-72,-60,2248
-56,-48,2260
-48,-40,2252
-76,-76,2244
-56,-72,2280
-88,-104,2284
-96,-100,2264
-104,-108,2268
-120,-104,2228
-108,-124,2232
-120,-124,2204
-104,-112,2192
-96,-116,2164
-96,-96,2128
-76,-100,2116
-76,-72,2088
-56,-80,2024
-48,-64,2012
-48,-52,1984
-32,-64,1940
-44,-48,1924
-44,-40,1900
-52,-60,1892
-36,-40,1844
-68,-32,1832
-84,-60,1812
-84,-72,1808
-76,-64,1776
-100,-72,1772
-80,-72,1744
-76,-96,1744
-72,-84,1704
-44,-80,1692
-40,-84,1716
-36,-60,1712
-56,-80,1712
-28,-60,1696
-68,-52,1712
-52,-28,1712
-68,-24,1720
-92,-32,1720
-92,-36,1728
-96,-28,1764
-96,-44,1768
-80,-64,1792
-68,-60,1804
-76,-88,1860
-60,-92,1872
-68,-100,1896
-60,-92,1916
-28,-120,1948
-48,-124,1980
-48,-108,1984
-56,-108,2016
-72,-108,2048
-64,-88,2080
-84,-80,2100
-100,-92,2128
-112,-72,2144
-120,-68,2144
-104,-56,2204
-96,-68,2212
-92,-72,2224
-92,-84,2244
-80,-104,2244
-80,-96,2248
-64,-100,2256
-68,-100,2252
-60,-116,2244
-68,-116,2252
-76,-128,2232
-84,-116,2224
-92,-120,2204
-100,-120,2200
-92,-92,2156
-104,-96,2144
-96,-104,2112
-80,-56,2100
-92,-60,2048
-68,-56,2020
-56,-56,2004
-40,-48,1996
-56,-56,1960
-24,-44,1900
-40,-44,1900
-52,-44,1864
-56,-64,1852
-80,-68,1832
-80,-80,1804
-92,-76,1772
-92,-72,1772
-84,-84,1740
-68,-76,1732
-76,-76,1716
-68,-80,1708
-68,-68,1676
-68,-52,1684
-52,-48,1696
-44,-40,1688
-68,-40,1708
-52,-32,1704
-48,-44,1684
-52,-60,1736
-60,-60,1768
-60,-52,1760
-76,-76,1772
-100,-64,1808
-92,-80,1816
-76,-96,1848
-88,-92,1896
-88,-92,1896
-84,-108,1960
-68,-92,1976
-76,-96,1980
-48,-100,2044
-60,-96,2032
-56,-88,2108
-56,-84,2116
-64,-72,2124
-80,-60,2164
-92,-76,2172
-84,-68,2200
-92,-72,2216
-92,-64,2212
-100,-72,2252
-84,-92,2268
-88,-100,2260
-108,-92,2284
-100,-104,2272
-80,-124,2264
-76,-116,2248
-88,-116,2256
-56,-116,2240
-64,-108,2224
-56,-92,2216
-56,-124,2224
-76,-88,2212
-76,-92,2160
-60,-72,2136
-72,-56,2088
-92,-72,2092
-80,-56,2052
-80,-52,2028
-80,-80,1976
-68,-56,1936
-76,-64,1948
-68,-64,1872
-64,-68,1856
-64,-88,1836
-56,-84,1836
-60,-88,1784
-68,-96,1744
-48,-84,1748
-48,-100,1716
-64,-72,1708
-68,-80,1676
-64,-36,1684
-84,-68,1676
-76,-24,1656
-68,-44,1636
-64,-20,1644
-68,-36,1664
-56,-36,1660
-68,-24,1676
-48,-52,1684
-56,-44,1684
-68,-68,1732
-48,-68,1760
-56,-64,1760
-56,-68,1784
-64,-100,1832
-92,-108,1852
-84,-100,1888
-72,-108,1904
-92,-96,1936
-76,-76,1972
-72,-84,2004
-88,-80,2024
-68,-68,2068
-64,-60,2060
-60,-60,2084
-68,-80,2104
-60,-80,2152
-60,-80,2192
-76,-68,2212
-64,-80,2216
-92,-92,2220
-104,-124,2256
