-108,-116,2136
-104,-128,2408
-60,-116,2520
-24,-104,2532
0,-68,2384
4,-28,2132
0,-32,1876
-40,-28,1540
-68,-36,1420
-96,-56,1452
-116,-96,1604
-116,-104,1844
-120,-108,2120
-88,-108,2344
-88,-124,2512
-24,-84,2508
-12,-80,2436
12,-36,2212
8,-32,1916
8,-24,1684
-32,-40,1472
-48,-52,1404
-92,-56,1468
-124,-96,1676
-128,-120,1928
-116,-128,2192
-100,-128,2420
-48,-108,2556
-40,-104,2536
0,-52,2372
16,-56,2132
20,-16,1868
-12,-32,1632
-48,-32,1460
-76,-68,1464
-140,-100,1616
-124,-108,1848
-128,-108,2148
-100,-120,2396
-68,-124,2544
-40,-92,2532
-8,-64,2416
4,-52,2188
20,-40,1912
-4,-40,1644
-20,-48,1472
-76,-44,1404
-92,-80,1488
-120,-92,1672
-132,-96,1932
-108,-112,2240
-96,-132,2452
-52,-116,2540
-16,-88,2520
-4,-72,2372
12,-44,2124
0,-32,1868
0,-40,1600
-60,-44,1460
-72,-56,1412
-100,-84,1520
-108,-116,1916
-120,-120,2168
-96,-116,2408
-56,-124,2544
-16,-88,2516
-8,-68,2396
8,-40,2192
20,-28,1892
-4,-24,1660
-36,-36,1448
-64,-52,1396
-92,-64,1492
-124,-104,1676
-140,-112,1932
-120,-136,2200
-84,-120,2408
-44,-96,2500
-40,-88,2480
20,-80,2308
20,-40,2068
4,-40,1784
-20,-32,1544
-40,-36,1404
-80,-56,1388
-100,-80,1500
-120,-112,1740
-120,-108,1996
-108,-132,2292
-56,-112,2516
-28,-96,2476
8,-72,2368
12,-44,2140
8,-36,1876
-20,-24,1616
-32,-44,1448
-68,-48,1400
-108,-72,1500
-124,-100,1704
-128,-136,1948
-108,-132,2236
-96,-128,2436
-36,-80,2528
-20,-72,2500
20,-68,2300
12,-40,2072
8,-20,1804
4,-36,1568
-52,-40,1428
-80,-56,1420
-124,-68,1548
-116,-116,1792
-120,-116,2048
-116,-128,2320
-80,-116,2496
-52,-92,2524
-20,-80,2464
12,-64,2140
8,-40,1880
-16,-16,1596
-40,-56,1456
-80,-68,1428
-112,-84,1512
-120,-88,1736
-120,-116,1988
-104,-120,2260
-88,-132,2460
-44,-100,2540
-12,-96,2488
-4,-48,2324
20,-40,2068
16,-28,1784
-28,-32,1588
-40,-40,1428
-64,-60,1440
-116,-84,1568
-116,-100,1808
-124,-132,2104
-112,-128,2320
-48,-108,2476
-44,-84,2536
-8,-68,2476
12,-52,2236
12,-48,2000
-4,-20,1592
-40,-40,1456
-72,-32,1424
-112,-72,1520
-112,-100,1736
-132,-132,2024
-108,-112,2288
-80,-120,2472
-72,-100,2544
-20,-100,2488
4,-64,2296
8,-28,2052
12,-24,1776
-16,-52,1548
-48,-48,1444
-76,-64,1432
-104,-92,1576
-112,-100,1828
-116,-120,2100
-104,-124,2332
-60,-92,2508
-28,-88,2560
12,-72,2472
16,-48,2220
4,-32,1972
0,-24,1688
-28,-44,1492
-56,-40,1388
-108,-80,1496
-124,-104,1728
-120,-108,2024
-104,-124,2268
-76,-116,2456
-60,-96,2512
-12,-72,2448
0,-32,2240
8,-36,1984
4,-24,1720
-16,-32,1500
-40,-40,1392
-92,-72,1388
-120,-72,1564
-116,-96,1812
-112,-116,2092
-104,-124,2344
-88,-104,2508
-40,-96,2520
4,-56,2428
0,-56,2208
12,-44,1928
-8,-48,1672
-28,-48,1484
-64,-40,1420
-108,-80,1484
-112,-80,1632
-128,-112,2056
-116,-124,2288
-72,-108,2484
-44,-96,2552
-16,-68,2456
8,-48,2276
8,-48,1992
8,-40,1716
-40,-44,1524
-40,-36,1412
-104,-68,1432
-112,-88,1600
-132,-112,1868
-124,-128,2128
-108,-116,2364
-64,-124,2524
-32,-88,2556
-12,-72,2408
20,-48,2192
12,-40,1928
4,-24,1668
-20,-48,1500
-68,-40,1408
-104,-76,1480
-136,-96,1656
-136,-116,1940
-116,-100,2200
-92,-140,2440
-32,-92,2552
-12,-72,2460
16,-32,2268
20,-36,1996
8,-36,1712
-28,-36,1500
-64,-36,1424
-84,-76,1448
-120,-84,1628
-128,-104,1884
-116,-120,2144
-92,-120,2372
-52,-116,2536
-48,-88,2532
-12,-80,2412
24,-48,2176
16,-20,1872
0,-24,1652
-16,-36,1480
-68,-48,1428
-84,-68,1496
-124,-108,1680
-116,-132,1956
-124,-128,2236
-96,-112,2448
-48,-108,2548
-28,-80,2520
0,-44,2228
0,-24,1984
-8,-44,1708
-40,-32,1508
-80,-48,1404
-104,-52,1484
-112,-92,1644
-136,-112,1872
-116,-128,2172
-80,-120,2416
-80,-108,2528
-28,-96,2528
-8,-64,2412
24,-32,2152
16,-20,1884
-8,-24,1604
-40,-36,1432
-76,-60,1404
-92,-88,1492
-128,-108,1672
-120,-128,1952
-112,-124,2224
-84,-128,2416
-52,-100,2488
-24,-76,2448
16,-60,2292
24,-52,2036
12,-24,1760
-8,-28,1460
-68,-48,1372
-100,-64,1436
-124,-96,1612
-120,-100,1892
-120,-124,2144
-80,-104,2388
-68,-88,2520
-32,-72,2504
0,-72,2364
20,-52,2164
32,-32,1856
-12,-32,1612
-36,-40,1436
-68,-56,1384
-96,-72,1496
-128,-104,1700
-120,-120,1972
-116,-116,2272
-96,-120,2464
-68,-92,2516
-16,-72,2480
16,-56,2316
24,-56,2084
-4,-32,1792
-16,-40,1572
-52,-48,1464
-108,-60,1492
-124,-116,1660
-120,-100,1940
-112,-124,2212
-88,-116,2428
-48,-116,2548
-24,-84,2508
20,-68,2352
8,-40,2136
4,-48,1848
-8,-36,1596
-36,-40,1444
-80,-56,1408
-112,-92,1520
-120,-108,1740
-132,-112,2012
-136,-120,2276
-84,-104,2472
-48,-104,2536
-24,-84,2508
12,-72,2304
24,-52,2052
4,-28,1776
-12,-28,1528
-52,-32,1428
-84,-68,1420
-120,-88,1576
-140,-100,1824
-124,-112,2228
-92,-120,2448
-48,-104,2544
-28,-84,2512
-4,-68,2356
12,-40,2116
8,-32,1852
-20,-32,1612
-56,-32,1460
-80,-64,1432
-104,-76,1540
-132,-96,1772
-132,-104,2028
-104,-120,2284
-68,-112,2468
-56,-100,2536
-20,-88,2496
8,-56,2280
24,-28,2024
8,-40,1764
-28,-36,1560
-60,-44,1436
-80,-60,1416
-120,-84,1600
-112,-100,1812
-128,-124,2100
-104,-120,2368
-48,-104,2544
-24,-84,2496
4,-56,2344
12,-40,2080
12,-12,1812
-20,-32,1580
-40,-28,1408
-76,-60,1408
-112,-92,1516
-120,-108,1740
-136,-132,2000
-104,-128,2280
-80,-108,2464
-44,-88,2492
0,-76,2444
-4,-76,2252
12,-36,1972
16,-28,1680
-20,-20,1496
-36,-56,1364
-76,-68,1436
-116,-88,1588
-128,-124,1828
-112,-128,2108
-96,-132,2332
-84,-116,2520
-24,-92,2508
-24,-80,2424
24,-36,2060
8,-32,1804
-24,-28,1564
-52,-40,1420
-100,-52,1416
-108,-88,1564
-116,-112,1764
-128,-120,2060
-112,-124,2332
-88,-100,2488
-48,-100,2532
-8,-80,2452
12,-52,2248
28,-32,1980
4,-32,1720
-28,-12,1504
-64,-64,1416
-92,-92,1444
-116,-100,1616
-124,-104,1848
-132,-132,2152
-80,-108,2348
-72,-108,2516
-44,-96,2552
-4,-76,2404
32,-40,2180
20,-36,1920
-8,-20,1548
-48,-48,1404
-68,-64,1428
-116,-88,1576
-116,-112,1816
-116,-104,2096
-112,-124,2336
-72,-124,2512
-40,-84,2536
-16,-72,2452
16,-52,2240
28,-40,1972
8,-16,1712
-4,-24,1520
-68,-52,1412
-104,-76,1480
-116,-108,1624
-132,-104,1872
-140,-124,2168
-96,-120,2412
-68,-116,2528
-28,-108,2540
-16,-84,2408
24,-52,2160
12,-40,1884
-4,-40,1660
-24,-24,1472
-76,-68,1420
-116,-92,1588
-128,-108,1820
-132,-128,2104
-96,-128,2352
-76,-136,2528
-28,-108,2556
-8,-76,2444
16,-40,2252
20,-44,1956
12,-20,1720
-24,-28,1496
-68,-40,1436
-100,-84,1484
-112,-96,1648
-140,-104,1928
-120,-116,2184
-96,-112,2392
-72,-104,2548
-20,-76,2508
8,-64,2380
8,-48,2180
12,-44,1868
-4,-36,1592
-44,-32,1440
-64,-48,1396
-108,-80,1472
-124,-96,1696
-112,-124,2080
-108,-124,2328
-76,-116,2480
-24,-100,2500
-4,-80,2384
8,-56,2168
12,-36,1908
0,-32,1640
-24,-36,1440
-64,-64,1392
-100,-56,1452
-120,-104,1640
-120,-108,1892
-124,-132,2184
-96,-120,2404
-68,-100,2524
-16,-88,2496
12,-68,2372
16,-40,2136
24,-28,1840
-16,-36,1608
-36,-48,1444
-84,-68,1428
-100,-96,1496
-116,-104,1724
-136,-116,2016
-104,-124,2276
-80,-104,2448
-40,-92,2560
8,-72,2400
16,-48,2188
20,-40,1908
4,-16,1652
-28,-28,1468
-60,-52,1400
-100,-76,1464
-144,-96,1668
-128,-104,1928
-124,-108,2216
-96,-124,2408
-56,-104,2536
-4,-72,2504
0,-64,2368
24,-52,2116
16,-28,1864
-12,-28,1580
-40,-40,1452
-88,-60,1436
-104,-60,1516
-124,-92,1736
-120,-116,2048
-112,-132,2280
-76,-112,2468
-44,-108,2520
-16,-68,2484
16,-52,2172
16,-36,1924
-12,-24,1664
-20,-52,1468
-84,-52,1408
-96,-72,1480
-124,-108,1708
-124,-120,1968
-108,-120,2224
-92,-128,2448
-36,-104,2552
-32,-96,2520
0,-60,2348
12,-48,2132
20,-28,1820
-12,-32,1600
-36,-36,1432
-96,-60,1420
-96,-68,1544
-128,-108,1776
-112,-120,2036
-108,-132,2316
-64,-108,2484
-44,-104,2560
-12,-84,2448
0,-56,2300
20,-44,2036
8,-28,1764
-36,-36,1468
-68,-60,1424
-108,-84,1504
-128,-100,1712
-128,-116,1984
-100,-128,2268
-80,-124,2448
-56,-120,2544
-20,-92,2500
8,-56,2320
8,-40,2044
4,-36,1808
-4,-24,1540
-40,-52,1400
-72,-64,1380
-116,-88,1528
-124,-120,1752
-132,-128,2032
-92,-136,2272
-80,-116,2452
-40,-108,2516
-8,-64,2424
20,-52,2244
16,-24,1980
-8,-28,1692
-16,-48,1484
-48,-48,1368
-104,-80,1488
-136,-96,1692
-120,-124,1984
-104,-120,2256
-92,-116,2444
-60,-88,2524
-12,-88,2484
20,-52,2320
8,-44,2044
8,-20,1784
-24,-24,1544
-56,-48,1404
-100,-64,1420
-104,-92,1552
-132,-124,1792
-120,-128,2076
-100,-92,2312
-72,-112,2492
-52,-88,2572
-4,-68,2424
8,-76,2272
-12,-48,1980
4,-36,1728
-32,-16,1488
-60,-56,1416
-96,-76,1452
-116,-92,1640
-116,-112,1872
-116,-120,2276
-76,-128,2468
-60,-112,2544
-12,-76,2472
0,-64,2304
20,-36,2048
4,-32,1776
-20,-32,1556
-36,-32,1420
-96,-52,1444
-112,-88,1580
-136,-108,1824
-120,-116,2100
-104,-124,2336
-84,-116,2520
-44,-104,2544
-12,-76,2456
40,-44,2248
0,-36,1972
-4,-16,1700
-32,-36,1496
-56,-60,1420
-92,-80,1480
-108,-80,1628
-112,-108,1852
-112,-124,2156
-108,-132,2404
-48,-108,2556
-12,-72,2476
4,-56,2292
-4,-32,2020
16,-28,1752
-16,-24,1528
-52,-40,1432
-80,-44,1444
-120,-88,1612
-112,-108,1840
-116,-124,2116
-96,-124,2372
-88,-112,2520
-44,-88,2532
-8,-68,2448
12,-44,2212
16,-24,1936
4,-28,1672
-24,-36,1492
-64,-40,1412
-88,-64,1488
-104,-108,1664
-128,-124,1916
-116,-124,2184
-100,-124,2456
-80,-132,2540
-24,-84,2512
-4,-60,2368
12,-28,1988
12,-24,1708
-24,-44,1496
-56,-40,1408
-88,-56,1424
-120,-96,1580
-124,-112,1836
-124,-140,2080
-96,-120,2328
-72,-108,2480
-32,-72,2500
-4,-80,2388
24,-32,2164
32,-44,1880
-4,-28,1640
-24,-48,1440
-80,-52,1384
-104,-84,1480
-124,-88,1652
-128,-116,1900
-100,-108,2200
-104,-128,2428
-68,-108,2528
-24,-68,2512
4,-48,2344
0,-40,2116
8,-32,1824
4,-28,1572
-60,-56,1416
-80,-76,1460
-104,-92,1616
-132,-112,1864
-136,-124,2144
-96,-116,2388
-68,-112,2524
-36,-88,2512
8,-76,2388
4,-40,2204
12,-32,1920
8,-32,1644
-36,-44,1452
-64,-56,1432
-100,-56,1496
-120,-104,1684
-116,-100,1940
-100,-136,2224
-84,-128,2444
-60,-120,2524
-16,-92,2508
-4,-68,2356
8,-52,2112
28,-36,1836
-20,-28,1616
-36,-36,1424
-80,-48,1428
-120,-96,1636
-128,-120,1884
-116,-112,2164
-84,-116,2392
-56,-120,2536
-28,-92,2504
-8,-64,2384
24,-48,2180
20,-36,1896
-16,-20,1632
-52,-40,1472
-80,-60,1416
-116,-72,1500
-132,-96,1700
-136,-108,1948
-116,-124,2244
-88,-116,2460
-72,-104,2560
-20,-84,2512
-4,-76,2348
12,-48,2100
12,-12,1792
-16,-28,1604
-48,-24,1444
-72,-48,1432
-136,-88,1572
-140,-120,1772
-124,-128,2196
-84,-116,2408
-52,-112,2544
-24,-84,2544
-4,-68,2392
8,-52,2160
16,-36,1880
0,-36,1624
-44,-36,1456
-60,-56,1424
-100,-84,1512
-124,-108,1716
-112,-100,1984
-116,-112,2272
-84,-108,2440
-44,-112,2536
-16,-76,2468
8,-72,2296
20,-56,2052
8,-12,1764
-20,-40,1548
-60,-40,1384
-92,-68,1404
-112,-92,1516
-140,-100,1772
-116,-116,2024
-92,-124,2272
-80,-120,2476
-28,-76,2456
-8,-56,2344
4,-36,2108
12,-40,1820
-12,-32,1572
-52,-24,1420
-88,-60,1388
-92,-92,1496
-120,-92,1708
-124,-124,1960
-104,-136,2240
-92,-120,2456
-32,-92,2512
-24,-80,2492
4,-64,2304
12,-44,2032
8,-16,1756
-4,-20,1532
-48,-28,1380
-80,-76,1416
-108,-68,1556
-128,-96,1808
-92,-132,2060
-96,-136,2332
-76,-120,2512
-20,-92,2524
4,-72,2440
4,-48,2252
8,-40,1844
-4,-20,1596
-40,-48,1424
-100,-48,1412
-100,-76,1508
-124,-100,1752
-144,-120,2032
-96,-120,2288
-84,-124,2468
-56,-112,2560
-16,-88,2476
4,-52,2308
24,-48,2048
-4,-36,1772
-24,-24,1544
-44,-28,1428
-88,-60,1412
-96,-88,1568
-140,-96,1832
-116,-108,2100
-100,-128,2340
-104,-120,2516
-40,-104,2548
-8,-76,2408
4,-56,2244
24,-32,1960
-4,-44,1720
-48,-36,1436
-76,-68,1428
-104,-80,1544
-128,-100,1760
-120,-112,2060
-108,-108,2312
-64,-124,2480
-44,-96,2556
-12,-72,2472
12,-52,2292
16,-36,2036
0,-24,1728
-16,-36,1516
-48,-52,1424
-84,-56,1464
-100,-88,1596
-128,-120,1860
-132,-112,2132
-100,-140,2356
-64,-112,2516
-24,-92,2544
4,-56,2420
4,-48,2220
12,-40,1952
-16,-28,1692
-20,-44,1476
-76,-40,1416
-100,-72,1480
-132,-120,1796
-140,-144,2072
-100,-108,2320
-80,-100,2472
-56,-88,2532
-16,-68,2440
12,-40,2240
0,-32,1992
4,-20,1696
-16,-44,1496
-52,-32,1384
-92,-48,1416
-112,-88,1580
-132,-120,1836
-124,-124,2100
-92,-120,2332
-56,-120,2484
-40,-84,2508
8,-64,2364
-4,-32,2148
8,-24,1904
4,-24,1632
-24,-52,1424
-72,-52,1396
-96,-76,1476
-124,-88,1648
-136,-136,1932
-100,-124,2320
-76,-124,2480
-56,-116,2536
-4,-64,2452
16,-48,2228
20,-44,1980
8,-20,1708
-32,-36,1504
-56,-52,1408
-96,-60,1456
-124,-88,1616
-120,-96,1880
-108,-120,2144
-92,-120,2404
-60,-112,2508
-28,-92,2560
4,-64,2404
8,-64,2188
4,-40,1920
-8,-20,1644
-32,-40,1464
-80,-48,1428
-92,-80,1504
-124,-84,1724
-120,-128,1952
-116,-128,2228
-80,-128,2436
-60,-116,2552
0,-68,2448
0,-60,2248
4,-20,1968
4,-32,1708
-24,-36,1484
-72,-48,1412
-100,-76,1476
-112,-96,1640
-140,-108,1916
-128,-108,2156
-96,-128,2400
-56,-108,2532
-44,-84,2536
8,-60,2408
20,-48,2176
12,-32,1880
-8,-24,1628
-40,-44,1464
-64,-52,1436
-104,-84,1512
-116,-92,1716
-136,-104,2012
-116,-112,2248
-76,-128,2468
-40,-88,2552
-24,-88,2520
0,-52,2336
20,-40,1948
12,-32,1700
-40,-52,1492
-68,-52,1432
-108,-88,1468
-124,-108,1672
-132,-112,1928
-120,-136,2192
-88,-108,2424
-56,-108,2536
-20,-88,2532
4,-64,2388
4,-44,2140
24,-32,1872
-4,-28,1636
-52,-40,1460
-80,-64,1436
-100,-96,1548
-120,-104,1716
-120,-124,1992
-128,-136,2248
-84,-116,2424
-44,-112,2536
-36,-76,2476
-12,-68,2308
40,-44,2048
-8,-32,1740
-20,-28,1528
-68,-52,1372
-92,-84,1460
-116,-84,1636
-136,-116,1892
-128,-124,2184
-84,-136,2380
-48,-112,2496
-20,-108,2492
4,-60,2328
12,-52,2096
16,-52,1816
-8,-28,1596
-36,-52,1420
-68,-52,1396
-96,-56,1508
-124,-104,1712
-128,-112,2008
-108,-124,2272
-96,-120,2476
-44,-100,2528
-8,-84,2476
-8,-80,2316
0,-40,2048
12,-40,1760
-24,-44,1548
-40,-52,1420
-88,-56,1428
-124,-92,1696
-136,-108,1928
-116,-112,2220
-96,-120,2432
-64,-96,2536
-20,-80,2520
16,-60,2332
20,-28,2096
16,-32,1832
0,-12,1596
-40,-36,1452
-76,-72,1424
-100,-72,1528
-124,-108,1752
-136,-124,2028
-120,-120,2296
-92,-128,2484
-52,-104,2560
-8,-80,2464
0,-68,2292
20,-36,2008
8,-28,1760
-16,-40,1544
-64,-40,1420
-92,-60,1448
-100,-88,1600
-128,-120,1828
-132,-132,2124
-96,-120,2444
-48,-112,2552
-16,-92,2504
12,-48,2352
20,-40,2080
20,-24,1828
-16,-36,1576
-36,-48,1440
-92,-64,1432
-108,-76,1540
-144,-116,1800
-124,-124,2044
-100,-132,2308
-76,-120,2496
-28,-96,2540
4,-76,2472
20,-52,2272
12,-40,2004
8,-36,1752
-28,-40,1524
-48,-60,1424
-92,-76,1448
-108,-92,1608
-116,-108,1860
-124,-128,2148
-100,-128,2388
-56,-124,2528
-24,-72,2504
8,-56,2332
20,-44,2064
8,-28,1784
-8,-44,1572
-60,-36,1432
-84,-64,1452
-112,-88,1572
-132,-92,1792
-136,-116,2052
-116,-120,2292
-72,-140,2480
-52,-100,2540
-12,-68,2432
12,-56,2240
4,-36,1952
0,-28,1704
-20,-36,1496
-48,-32,1372
-92,-64,1428
-136,-112,1572
-124,-104,1840
-124,-120,2120
-100,-132,2364
-76,-104,2492
-24,-100,2500
0,-68,2376
32,-48,2012
0,-24,1752
12,-8,1524
-56,-48,1416
-88,-64,1424
-108,-92,1560
-128,-112,1800
-128,-108,2068
-100,-132,2304
-84,-124,2476
-52,-92,2532
-8,-60,2444
8,-48,2232
8,-40,1972
-4,-20,1708
-12,-16,1472
-60,-60,1416
-88,-60,1444
-120,-100,1616
-124,-104,1888
-120,-132,2160
-108,-120,2392
-72,-100,2540
-32,-88,2512
4,-72,2392
-4,-48,2176
12,-44,1900
-8,-32,1632
-48,-24,1420
-92,-68,1424
-124,-88,1596
-124,-128,1832
-112,-128,2116
-116,-124,2348
-68,-112,2520
-24,-100,2540
-8,-64,2448
12,-44,2228
12,-40,1968
-8,-28,1672
-28,-52,1496
-68,-52,1424
-96,-56,1488
-108,-100,1644
-136,-100,1908
-108,-120,2176
-104,-112,2412
-80,-112,2540
-32,-88,2516
0,-72,2392
4,-32,2168
8,-32,1880
0,-40,1620
-40,-48,1492
-84,-52,1424
-100,-76,1524
-120,-104,1844
-124,-136,2140
-92,-108,2372
-64,-108,2528
-32,-92,2548
4,-88,2432
20,-40,2208
12,-24,1936
-4,-36,1684
-52,-28,1496
-52,-56,1408
-96,-80,1492
-116,-88,1660
-120,-108,1920
-116,-132,2208
-92,-108,2432
-44,-124,2528
-24,-92,2524
-16,-64,2372
16,-48,2132
16,-24,1864
-20,-36,1612
-28,-32,1468
-64,-68,1400
-88,-76,1524
-112,-88,1736
-124,-116,1992
-104,-140,2252
-68,-104,2520
-32,-84,2524
-8,-76,2392
16,-60,2188
16,-36,1892
4,-48,1616
-40,-36,1444
-68,-56,1384
-88,-68,1448
-120,-100,1632
-128,-112,1908
-128,-140,2184
-100,-124,2400
-52,-100,2500
-20,-80,2484
4,-60,2344
20,-48,2100
8,-36,1816
-4,-40,1560
-36,-52,1416
-80,-44,1384
-92,-80,1508
-116,-104,1740
-112,-112,2000
-108,-120,2272
-92,-112,2460
-52,-100,2544
-4,-60,2396
0,-44,2160
12,-40,1892
0,-20,1656
-40,-24,1444
-56,-52,1408
-112,-56,1480
-116,-108,1692
-120,-112,1972
-124,-128,2236
-96,-132,2444
-44,-108,2532
-20,-80,2492
-12,-48,2340
20,-56,2100
12,-32,1820
-8,-28,1584
-44,-36,1432
-84,-56,1428
-108,-96,1572
-140,-108,1772
-124,-120,2060
-96,-120,2316
-80,-116,2508
-40,-104,2536
-28,-64,2464
24,-48,2248
12,-48,2008
-4,-28,1644
-28,-48,1460
-68,-72,1444
-104,-88,1524
-132,-120,1720
-112,-120,1992
-116,-112,2252
-92,-120,2460
-56,-104,2532
-28,-80,2492
-4,-52,2340
8,-32,2068
16,-36,1800
-8,-36,1572
-40,-36,1444
-92,-72,1448
-116,-84,1556
-124,-108,1796
-132,-120,2080
-96,-112,2328
-88,-124,2508
-48,-112,2544
0,-76,2460
8,-52,2264
16,-20,1992
4,-16,1728
-16,-32,1548
-80,-76,1400
-104,-92,1544
-116,-104,1752
-120,-124,2016
-120,-144,2288
-84,-112,2476
-72,-92,2544
-24,-88,2496
0,-56,2312
12,-48,2076
0,-52,1796
-20,-32,1568
-64,-60,1432
-92,-52,1444
-108,-96,1576
-128,-124,1804
-116,-112,2052
-100,-120,2308
-60,-104,2480
-52,-116,2536
-12,-76,2440
4,-56,2220
16,-32,1952
-4,-36,1656
-44,-36,1472
-68,-40,1384
-96,-72,1416
-128,-96,1600
-120,-116,2000
-108,-124,2264
-76,-104,2432
-56,-88,2512
-24,-76,2452
8,-60,2272
20,-44,2012
-16,-28,1744
-24,-28,1524
-44,-44,1416
-96,-80,1420
-116,-84,1560
-128,-108,1812
-112,-124,2092
-104,-124,2348
-52,-104,2504
-36,-100,2524
-4,-84,2444
16,-52,2204
24,-28,1944
-8,-36,1692
-36,-32,1500
-60,-48,1408
-84,-64,1464
-124,-88,1640
-128,-104,1884
-120,-132,2172
-108,-132,2408
-44,-100,2548
-8,-68,2484
12,-56,2292
24,-36,2004
0,-28,1740
-28,-28,1516
-44,-36,1420
-84,-68,1444
-128,-68,1584
-132,-116,1840
-120,-128,2132
-112,-116,2380
-64,-104,2532
-40,-104,2544
-16,-72,2416
12,-52,2212
20,-48,1936
4,-40,1672
-32,-36,1488
-60,-44,1428
-100,-84,1492
-128,-92,1664
-136,-124,1944
-120,-124,2212
-88,-104,2404
-56,-128,2532
-28,-96,2528
28,-48,2280
24,-36,2000
-8,-24,1748
-28,-40,1532
-52,-60,1424
-92,-68,1464
-104,-96,1616
-116,-96,1864
-120,-120,2164
-96,-116,2388
-64,-124,2532
-40,-108,2544
-8,-72,2420
20,-52,2192
12,-20,1924
-16,-28,1664
-36,-28,1476
-68,-32,1412
-96,-80,1496
-124,-100,1696
-120,-108,1936
-132,-124,2220
-92,-116,2432
-68,-100,2540
-20,-72,2504
12,-52,2364
20,-44,2132
8,-28,1712
-28,-24,1512
-64,-52,1428
-100,-68,1452
-108,-100,1616
-108,-116,1864
-108,-136,2144
-104,-128,2372
-60,-108,2508
-32,-100,2496
8,-68,2380
8,-36,2140
16,-28,1864
0,-32,1612
-36,-48,1416
-76,-52,1364
-108,-56,1444
-140,-96,1652
-124,-116,1912
-120,-120,2204
-80,-120,2408
-56,-92,2508
-24,-92,2472
-12,-64,2340
20,-28,2080
0,-8,1788
-24,-36,1556
-52,-60,1412
-92,-72,1440
-112,-92,1604
-128,-100,1888
-120,-124,2168
-92,-120,2400
-56,-100,2528
-32,-100,2500
0,-68,2356
12,-60,2144
0,-32,1852
-12,-24,1612
-32,-40,1456
-76,-56,1416
-88,-72,1488
-116,-92,1688
-140,-112,1964
-116,-120,2248
-88,-120,2460
-60,-116,2536
-12,-92,2508
0,-80,2348
8,-56,2080
4,-24,1804
-16,-28,1572
-44,-60,1424
-80,-52,1404
-116,-76,1564
-140,-116,1784
-124,-124,2196
-96,-128,2420
-56,-112,2536
-32,-104,2528
4,-68,2356
16,-44,2144
12,-36,1864
-12,-28,1632
-32,-52,1456
-68,-48,1436
-104,-80,1536
-132,-96,1720
-120,-112,2004
-108,-116,2276
-88,-132,2456
-56,-104,2552
-16,-80,2484
8,-52,2304
20,-44,2076
-16,-32,1780
8,-36,1564
-52,-12,1416
-96,-52,1432
-108,-88,1576
-128,-112,1808
-140,-120,2080
-108,-132,2340
-80,-112,2504
-32,-76,2516
4,-68,2360
20,-48,2112
20,-40,1852
-8,-28,1608
-40,-32,1444
-80,-56,1424
-108,-88,1532
-120,-112,1732
-120,-108,2012
-112,-108,2276
-88,-108,2496
-52,-100,2544
-4,-80,2508
8,-48,2288
20,-48,2052
20,-36,1768
-24,-44,1536
-48,-40,1436
-76,-68,1428
-120,-100,1576
-120,-104,1816
-116,-120,2060
-92,-116,2316
-68,-132,2488
-44,-108,2532
8,-72,2404
16,-40,2064
4,-28,1796
-8,-32,1556
-44,-24,1408
-80,-60,1380
-116,-80,1500
-140,-108,1724
-128,-116,2016
-92,-120,2272
-76,-120,2468
-64,-100,2504
-8,-60,2456
16,-56,2276
8,-24,2004
16,-36,1720
-28,-36,1528
-60,-36,1412
-84,-48,1416
-112,-88,1580
-128,-120,1800
-128,-120,2108
-92,-120,2336
-76,-112,2508
-44,-100,2536
-12,-96,2436
28,-36,2208
20,-32,1932
-4,-32,1668
-40,-44,1448
-80,-76,1392
-100,-84,1548
-128,-104,1772
-120,-132,2048
-128,-108,2300
-80,-120,2480
-44,-104,2552
-16,-72,2476
-4,-44,2272
0,-48,2004
12,-32,1744
-4,-24,1516
-52,-68,1432
-100,-60,1444
-124,-96,1612
-136,-116,1864
-116,-120,2148
-88,-128,2384
-72,-112,2512
-56,-84,2548
0,-56,2424
12,-60,2200
12,-28,1952
-4,-24,1660
-24,-40,1468
-60,-68,1424
-104,-76,1488
-120,-100,1792
-132,-120,2072
-104,-124,2332
-76,-96,2504
-32,-104,2548
0,-80,2448
0,-44,2236
20,-40,1988
8,-32,1740
-28,-28,1500
-64,-44,1404
-108,-68,1444
-108,-80,1624
-132,-104,1872
-112,-120,2144
-84,-124,2384
-68,-112,2532
-20,-104,2544
4,-56,2392
4,-44,2184
8,-36,1908
-8,-28,1636
-32,-48,1468
-68,-68,1444
-104,-64,1488
-120,-88,1716
-128,-120,1960
-112,-104,2240
-76,-104,2504
-28,-104,2560
8,-80,2456
12,-44,2248
-4,-24,1964
8,-28,1700
-24,-40,1492
-68,-40,1412
-96,-56,1440
-136,-76,1624
-128,-108,1888
-120,-124,2136
-104,-144,2368
-48,-100,2504
-28,-88,2500
4,-56,2368
16,-52,2124
32,-36,1848
0,-40,1588
-44,-48,1420
-72,-56,1376
-100,-80,1460
-124,-80,1696
-132,-116,1968
-112,-128,2208
-84,-136,2428
-48,-96,2528
-8,-88,2420
28,-48,2180
20,-32,1944
12,-36,1672
-24,-52,1456
-56,-52,1388
-96,-80,1448
-116,-88,1616
-140,-128,1912
-124,-120,2188
-96,-128,2412
-48,-100,2520
-20,-76,2500
-8,-56,2392
4,-44,2140
4,-20,1868
-12,-20,1604
-40,-36,1456
-80,-56,1396
-104,-88,1516
-136,-108,1696
-132,-116,1992
-96,-116,2260
-84,-124,2452
-56,-104,2544
-24,-72,2504
8,-32,2320
8,-32,2056
-8,-32,1656
-48,-32,1484
-64,-36,1392
-108,-68,1484
-104,-104,1668
-124,-100,1920
-116,-116,2220
-92,-112,2420
-60,-104,2540
-24,-100,2528
0,-68,2364
4,-36,2132
24,-28,1860
4,-48,1596
-36,-44,1444
-84,-52,1400
-104,-80,1524
-120,-108,1744
-124,-112,2028
-108,-124,2268
-80,-116,2484
-56,-116,2548
-20,-84,2496
8,-64,2304
-4,-36,2064
0,-24,1788
-16,-20,1520
-68,-44,1412
-96,-76,1500
-128,-92,1676
-124,-104,1964
-128,-120,2236
-84,-124,2448
-52,-100,2544
-32,-84,2524
0,-68,2352
16,-40,2100
12,-24,1844
-8,-28,1604
-36,-36,1456
-68,-60,1432
-116,-80,1552
-128,-96,1764
-128,-120,2024
-100,-128,2320
-72,-108,2460
-48,-108,2552
-20,-80,2480
4,-48,2292
16,-28,2020
4,-32,1760
-20,-20,1516
-52,-64,1420
-84,-64,1412
-128,-96,1592
-124,-128,1948
-108,-120,2236
-96,-108,2436
-44,-124,2516
-12,-96,2464
-8,-80,2308
8,-40,2048
20,-36,1776
-8,-12,1540
-52,-32,1392
-96,-52,1384
-112,-76,1508
-120,-116,1740
-124,-124,2044
-100,-124,2288
-76,-108,2468
-40,-80,2536
-24,-92,2460
4,-52,2264
12,-44,1980
0,-32,1720
-20,-36,1496
-48,-44,1404
-96,-84,1428
-104,-84,1580
-136,-120,1836
-112,-132,2116
-80,-116,2424
-48,-104,2540
0,-80,2488
4,-60,2320
8,-44,2064
12,-20,1792
-4,-28,1540
-56,-36,1432
-92,-44,1424
-100,-80,1560
-132,-112,1792
-112,-124,2056
-112,-124,2324
-80,-116,2504
-44,-104,2552
-4,-76,2452
16,-48,2272
16,-28,1984
-4,-44,1728
-36,-36,1508
-64,-52,1412
-84,-64,1440
-104,-100,1600
-128,-128,1892
-116,-116,2144
-96,-128,2392
-64,-128,2556
-36,-92,2536
4,-44,2308
4,-36,2068
12,-24,1792
-12,-28,1560
-60,-20,1416
-72,-56,1420
-112,-84,1568
-136,-112,1796
-120,-120,2096
-104,-132,2360
-76,-108,2504
-28,-100,2560
4,-64,2468
16,-56,2256
16,-52,1976
-8,-28,1728
-40,-44,1508
-64,-40,1412
-96,-68,1456
-112,-96,1640
-152,-116,1900
-108,-120,2180
-92,-128,2404
-60,-104,2528
-24,-88,2548
0,-68,2420
8,-48,2172
4,-20,1772
-16,-28,1552
-56,-40,1428
-96,-64,1448
-96,-88,1584
-128,-116,1828
-108,-132,2112
-108,-136,2372
-60,-104,2512
-52,-92,2552
0,-64,2452
12,-52,2224
16,-40,1964
0,-28,1668
-32,-44,1476
-68,-44,1400
-104,-68,1428
-116,-96,1632
-120,-112,1860
-120,-136,2156
-76,-116,2376
-60,-104,2492
-36,-88,2480
12,-76,2328
20,-40,2100
0,-40,1844
-20,-40,1576
-48,-44,1420
-96,-72,1412
-108,-92,1556
-124,-104,1812
-132,-128,2080
-92,-120,2324
-60,-116,2488
-32,-92,2520
0,-84,2408
12,-68,2196
12,-36,1928
0,-20,1656
-48,-20,1492
-64,-36,1392
-100,-56,1496
-116,-92,1640
-124,-116,1912
-128,-128,2200
-100,-144,2428
-84,-112,2516
-28,-88,2524
0,-76,2376
24,-48,2096
8,-36,1852
-12,-28,1608
-20,-36,1432
-84,-48,1416
-92,-76,1516
-136,-116,1864
-120,-132,2144
-116,-124,2392
-68,-128,2524
-36,-100,2528
-12,-60,2408
12,-52,2192
12,-40,1924
0,-32,1668
-60,-36,1480
-52,-44,1420
-108,-68,1496
-120,-88,1688
-124,-112,1932
-112,-112,2208
-92,-132,2452
-68,-108,2552
-24,-88,2480
12,-72,2380
24,-40,2128
8,-36,1848
-12,-32,1608
-44,-44,1424
-76,-60,1424
-108,-80,1524
-140,-96,1740
-120,-104,2008
-96,-116,2296
-68,-128,2536
-48,-88,2536
0,-68,2408
12,-44,2168
8,-36,1896
-4,-32,1656
-44,-20,1480
-60,-52,1420
-104,-64,1512
-128,-104,1700
-124,-112,1952
-112,-136,2248
-92,-108,2460
-56,-116,2544
-24,-88,2508
8,-64,2352
20,-40,2124
24,-36,1836
-20,-28,1608
-36,-52,1424
-52,-44,1428
-124,-88,1556
-120,-104,1756
-132,-100,2020
-100,-128,2316
-96,-124,2504
-28,-80,2532
-16,-76,2476
-4,-60,2144
8,-40,1876
0,-24,1624
-24,-32,1460
-88,-60,1396
-100,-84,1480
-128,-96,1672
-140,-128,1952
-104,-128,2220
-100,-116,2432
-52,-128,2520
-24,-72,2456
12,-48,2304
32,-52,2028
12,-44,1752
-16,-28,1516
-44,-44,1380
-68,-68,1392
-132,-104,1540
-136,-120,1756
-124,-112,2020
-112,-128,2308
-68,-116,2472
-52,-96,2520
-36,-88,2444
8,-56,2240
32,-36,1980
-16,-24,1608
-36,-36,1452
-84,-68,1420
-104,-80,1508
-148,-112,1724
-116,-100,1988
-96,-116,2268
-84,-136,2480
-44,-108,2528
-16,-80,2476
16,-68,2316
12,-36,2064
8,-36,1788
-20,-44,1564
-36,-36,1444
-88,-68,1444
-116,-68,1576
-128,-116,1808
-116,-116,2068
-100,-112,2316
-72,-120,2476
-36,-96,2540
-20,-80,2472
12,-56,2256
4,-28,1984
4,-32,1712
-32,-48,1528
-48,-44,1424
-96,-68,1536
-124,-104,1736
-140,-124,2028
-116,-124,2272
-80,-120,2484
-56,-92,2556
-16,-64,2504
8,-48,2312
8,-36,2056
4,-36,1764
-24,-28,1548
-56,-60,1436
-92,-60,1448
-120,-84,1596
-144,-88,1820
-120,-120,2108
-108,-124,2332
-76,-132,2532
-40,-92,2552
16,-72,2440
8,-40,2224
-8,-40,1988
12,-20,1684
-32,-28,1528
-48,-36,1412
-100,-68,1452
-136,-88,1656
-152,-116,1920
-116,-120,2312
-68,-120,2488
-52,-96,2552
-16,-68,2484
32,-48,2280
20,-36,2004
8,-32,1772
-36,-28,1524
-60,-48,1444
-88,-48,1448
-128,-88,1600
-124,-108,1852
-116,-132,2120
-112,-128,2348
-56,-128,2520
-20,-92,2540
8,-56,2412
28,-52,2204
8,-40,1928
8,-16,1656
-40,-40,1484
-64,-48,1408
-96,-84,1452
-120,-96,1624
-140,-108,1884
-112,-120,2164
-100,-132,2368
-64,-108,2532
-4,-92,2444
8,-44,2240
24,-40,1968
8,-20,1692
-16,-32,1504
-44,-48,1388
-84,-64,1420
-108,-96,1604
-120,-120,1848
-124,-116,2108
-76,-108,2356
-68,-128,2512
-44,-100,2504
-12,-64,2412
4,-56,2208
12,-36,1900
0,-20,1652
-28,-40,1448
-68,-52,1392
-88,-64,1460
-116,-96,1676
-128,-132,1944
-100,-112,2208
-96,-108,2424
-72,-120,2544
-16,-104,2504
0,-44,2364
24,-36,2000
0,-20,1700
-28,-24,1508
-60,-56,1408
-88,-72,1464
-116,-92,1624
-140,-108,1892
-120,-132,2152
-116,-124,2376
-60,-116,2516
-32,-96,2552
-16,-64,2400
20,-44,2184
16,-32,1908
4,-40,1652
-40,-40,1464
-76,-48,1408
-108,-76,1476
-128,-108,1704
-124,-132,1972
-108,-120,2216
-84,-116,2440
-44,-100,2528
-44,-96,2524
8,-76,2348
24,-48,2100
8,-32,1836
-4,-28,1480
-68,-40,1420
-88,-88,1464
-124,-108,1624
-144,-104,1920
-116,-120,2180
-88,-120,2408
-64,-104,2524
-28,-96,2548
-4,-76,2408
28,-60,2176
16,-28,1896
-8,-36,1640
-44,-52,1472
-76,-40,1420
-120,-92,1512
-108,-100,1700
-136,-112,1976
-112,-96,2260
-92,-128,2444
-60,-100,2540
-16,-96,2512
4,-64,2344
0,-44,2080
4,-28,1816
-12,-32,1592
-44,-52,1452
-76,-68,1432
-108,-104,1664
-136,-132,1924
-108,-120,2208
-100,-128,2408
-60,-108,2552
-20,-96,2544
0,-52,2372
24,-48,2136
12,-28,1852
-12,-24,1596
-60,-52,1436
-68,-72,1380
-108,-92,1500
-116,-108,1696
-120,-124,1960
-124,-124,2248
-88,-100,2424
-52,-104,2500
-12,-100,2444
-8,-60,2272
12,-48,2004
4,-4,1748
-20,-36,1528
-52,-52,1392
-84,-52,1396
-120,-88,1536
-136,-128,1776
-132,-128,2060
-84,-112,2400
-72,-104,2528
-8,-84,2492
-12,-48,2352
0,-44,2108
20,-32,1840
-24,-16,1584
-56,-44,1432
-72,-72,1412
-120,-92,1524
-128,-108,1728
-116,-128,2004
-112,-112,2272
-84,-92,2476
-56,-104,2508
-20,-72,2476
0,-52,2300
16,-28,2044
4,-24,1760
-16,-20,1576
-52,-52,1412
-92,-72,1432
-124,-92,1572
-104,-100,1804
-128,-116,2080
-84,-124,2332
-80,-120,2512
-20,-80,2504
4,-68,2360
4,-24,2116
-4,-24,1840
-20,-16,1588
-52,-40,1432
-80,-60,1412
-116,-72,1556
-120,-80,1744
-132,-124,2036
-108,-140,2300
-92,-116,2480
-40,-84,2540
-24,-84,2488
8,-56,2284
12,-36,2028
-20,-28,1768
-12,-36,1544
-64,-48,1400
-88,-64,1456
-112,-88,1572
-136,-104,1848
-124,-112,2120
-116,-128,2368
-84,-132,2520
-44,-84,2536
0,-84,2448
0,-60,2240
4,-32,1820
-12,-36,1584
-44,-40,1440
-76,-68,1440
-120,-92,1580
-136,-100,1784
-140,-128,2060
-108,-120,2316
-80,-108,2488
-44,-116,2552
-16,-72,2480
16,-56,2268
24,-36,2000
4,-24,1732
-16,-36,1532
-60,-40,1432
-92,-68,1448
-124,-88,1592
-120,-112,1852
-108,-120,2124
-104,-112,2372
-60,-120,2520
-36,-100,2520
-28,-80,2428
12,-44,2184
4,-20,1888
-12,-32,1656
-44,-32,1472
-68,-68,1412
-108,-76,1536
-136,-100,1756
-132,-128,2044
-104,-120,2288
-88,-120,2460
-52,-96,2520
8,-68,2412
8,-60,2204
20,-52,1940
4,-28,1684
-28,-24,1488
-72,-40,1384
-108,-80,1424
-128,-80,1596
-140,-120,1824
-108,-116,2136
-96,-132,2364
-72,-112,2504
-28,-88,2508
0,-76,2384
20,-44,2172
12,-36,1908
-4,-36,1656
-24,-24,1456
-60,-40,1396
-92,-64,1476
-116,-112,1804
-128,-116,2088
-104,-120,2332
-72,-116,2488
-36,-80,2540
4,-72,2444
12,-44,2236
8,-40,1972
-8,-24,1700
-36,-48,1508
-60,-60,1408
-100,-72,1484
-116,-84,1628
-136,-116,1892
-128,-112,2156
-92,-108,2372
-60,-112,2536
-44,-92,2512
4,-80,2396
16,-44,2164
20,-32,1888
-8,-24,1636
-32,-40,1444
-64,-48,1412
-108,-88,1520
-108,-120,1700
-124,-108,2012
-112,-112,2256
-84,-100,2524
-32,-88,2532
0,-72,2436
20,-60,2228
4,-32,1956
8,-56,1704
-28,-28,1500
-52,-56,1416
-96,-76,1452
-116,-100,1664
-120,-100,1908
-112,-132,2196
-92,-120,2404
-68,-100,2528
-20,-92,2528
0,-76,2384
28,-36,2160
20,-36,1872
-4,-24,1624
-36,-32,1452
-72,-60,1432
-104,-72,1532
-124,-112,1724
-132,-104,1984
-116,-120,2252
-76,-140,2464
-52,-96,2536
-20,-80,2484
12,-64,2224
0,-44,1936
0,-28,1680
-32,-28,1488
-56,-60,1404
-92,-56,1488
-124,-92,1668
-144,-120,1952
-128,-108,2216
-96,-108,2424
-56,-116,2516
-28,-100,2492
-8,-52,2344
12,-48,2108
16,-28,1836
-12,-24,1572
-20,-28,1408
-88,-64,1416
-104,-76,1504
-124,-80,1692
-132,-112,1968
-104,-124,2220
-80,-120,2428
-48,-100,2500
-28,-88,2472
12,-64,2272
24,-24,2008
-12,-24,1612
-20,-28,1440
-68,-52,1384
-92,-64,1472
-124,-108,1672
-132,-124,1924
-124,-112,2188
-88,-120,2416
-64,-96,2532
-24,-96,2500
12,-68,2328
24,-40,2108
8,-40,1812
-8,-28,1588
-48,-36,1436
-88,-68,1424
-92,-84,1520
-116,-104,1756
-132,-116,2004
-100,-136,2284
-88,-124,2484
-56,-104,2540
-24,-68,2484
8,-52,2276
8,-36,2036
4,-36,1760
-8,-44,1540
-52,-40,1416
-104,-76,1484
-120,-92,1704
-124,-108,1964
-104,-128,2248
-80,-116,2444
-40,-100,2528
-20,-88,2500
8,-68,2336
32,-44,2104
12,-48,1812
-8,-32,1580
-48,-48,1440
-72,-56,1412
-108,-76,1528
-124,-100,1784
-144,-124,2048
-128,-136,2312
-88,-108,2496
-48,-116,2540
-12,-88,2468
-4,-56,2276
12,-36,2028
16,-20,1736
-28,-36,1528
-44,-40,1420
-88,-68,1468
-124,-108,1628
-132,-120,1832
-112,-120,2268
-84,-116,2480
-56,-96,2540
-16,-60,2488
8,-56,2324
20,-36,2072
8,-44,1792
-24,-28,1572
-48,-36,1448
-72,-64,1436
-104,-92,1572
-124,-104,1808
-104,-112,2064
-92,-120,2332
-72,-96,2516
-44,-108,2540
-16,-64,2468
20,-56,2252
24,-52,1992
-4,-36,1736
-8,-40,1492
-64,-40,1408
-96,-64,1444
-120,-104,1628
-132,-112,1884
-128,-124,2160
-104,-112,2408
-68,-124,2504
-20,-72,2476
12,-68,2292
28,-40,2036
16,-24,1768
-28,-28,1528
-44,-36,1404
-96,-60,1408
-116,-88,1560
-128,-104,1800
-120,-116,2064
-104,-132,2292
-80,-120,2456
-40,-96,2492
4,-68,2416
16,-44,2180
4,-44,1916
0,-24,1672
-28,-32,1472
-68,-48,1384
-100,-72,1464
-112,-96,1600
-132,-132,1876
-100,-124,2140
-92,-132,2372
-48,-108,2508
-32,-96,2516
0,-76,2360
16,-20,2012
8,-56,1748
-8,-40,1536
-56,-40,1392
-88,-68,1440
-116,-80,1592
-132,-96,1832
-124,-128,2096
-112,-132,2340
-60,-112,2508
-32,-96,2528
-4,-52,2440
16,-48,2228
8,-32,1952
-8,-28,1688
-20,-20,1512
-68,-32,1404
-96,-68,1468
-104,-108,1612
-124,-120,1888
-120,-128,2184
-100,-108,2428
-80,-112,2560
-20,-72,2524
4,-72,2384
8,-32,2156
12,-28,1900
0,-16,1620
-56,-40,1408
-108,-52,1444
-120,-104,1604
-124,-120,1872
-116,-120,2116
-96,-132,2368
-84,-120,2532
-28,-80,2516
0,-76,2436
0,-44,2200
-12,-24,1940
-4,-32,1672
-28,-28,1492
-84,-56,1428
-104,-68,1484
-128,-88,1668
-128,-128,1920
-116,-132,2228
-88,-120,2424
-64,-104,2540
-16,-88,2528
-8,-64,2408
12,-48,2172
28,-32,1864
-12,-32,1620
-28,-40,1444
-68,-48,1428
-108,-88,1520
-132,-112,1852
-120,-116,2152
-96,-120,2384
-64,-116,2516
-40,-104,2532
-8,-64,2408
20,-36,2184
24,-36,1916
0,-8,1652
-28,-12,1496
-68,-40,1428
-104,-56,1472
-144,-96,1684
-136,-88,1948
-112,-140,2216
-84,-108,2424
-60,-116,2512
-28,-80,2476
0,-68,2344
8,-48,2112
8,-36,1824
-16,-32,1568
-52,-48,1420
-92,-52,1380
-112,-100,1496
-112,-100,1708
-112,-124,1992
-96,-120,2348
-76,-88,2484
-20,-100,2472
-8,-72,2368
20,-64,2128
12,-40,1860
-20,-20,1616
-32,-44,1428
-64,-56,1376
-108,-80,1476
-132,-100,1680
-140,-116,1936
-112,-124,2220
-88,-112,2420
-48,-88,2528
-28,-68,2492
-4,-72,2324
16,-44,2056
4,-32,1820
0,-20,1576
-44,-52,1428
-80,-72,1420
-104,-80,1508
-128,-112,1764
-112,-132,2032
-96,-120,2288
-96,-124,2488
-60,-92,2540
-8,-68,2388
4,-48,2148
8,-48,1876
-16,-28,1620
-32,-40,1460
-80,-52,1424
-108,-56,1524
-140,-108,1704
-132,-96,1980
-116,-124,2236
-88,-116,2432
-44,-100,2540
-16,-92,2500
4,-68,2316
20,-40,2076
12,-32,1788
-12,-56,1584
-60,-36,1444
-72,-52,1420
-104,-104,1552
-104,-108,1812
-124,-124,2092
-108,-128,2332
-72,-116,2488
-44,-100,2556
0,-76,2488
8,-52,2280
20,-28,1868
0,-24,1632
-40,-48,1456
-68,-56,1420
-100,-76,1532
-136,-120,1740
-124,-128,2016
-112,-136,2276
-72,-116,2472
-44,-88,2548
-32,-88,2508
0,-72,2308
24,-32,2060
4,-36,1796
-12,-24,1564
-64,-40,1448
-92,-48,1432
-100,-84,1576
-112,-100,1804
-120,-132,2088
-120,-128,2340
-64,-104,2512
-32,-84,2528
-12,-80,2444
12,-56,2240
16,-16,1980
0,-28,1744
-20,-28,1520
-72,-60,1428
-116,-80,1552
-124,-100,1740
-132,-112,2028
-100,-136,2276
-88,-112,2452
-44,-108,2524
-28,-88,2460
-4,-44,2284
0,-36,2012
12,-44,1736
-28,-32,1524
-56,-48,1372
-84,-68,1404
-116,-80,1544
-116,-112,1792
-124,-120,2056
-104,-116,2316
-84,-124,2476
-36,-84,2520
-4,-72,2400
0,-56,2196
12,-36,1948
8,-24,1680
-36,-40,1488
-52,-52,1380
-108,-76,1456
-112,-84,1636
-136,-116,2040
-100,-124,2304
-88,-108,2480
-60,-100,2516
-16,-96,2444
8,-60,2252
12,-28,2008
8,-28,1720
-20,-44,1516
-60,-44,1424
-100,-68,1420
-112,-84,1592
-140,-108,1840
-124,-128,2108
-88,-120,2372
-56,-108,2520
-40,-84,2532
0,-52,2436
8,-44,2220
12,-36,1940
4,-24,1688
-56,-44,1508
-76,-60,1432
-112,-68,1480
-124,-96,1652
-120,-104,1928
-120,-132,2192
-80,-104,2488
-48,-100,2560
-8,-80,2464
4,-52,2272
24,-44,2000
-4,-36,1740
-24,-24,1524
-60,-68,1444
-84,-60,1440
-112,-76,1604
-116,-84,1868
-128,-112,2148
-104,-128,2368
-68,-112,2528
-44,-88,2524
0,-76,2432
4,-48,2204
24,-20,1924
0,-52,1672
-44,-40,1496
-64,-44,1412
-88,-68,1480
-120,-104,1684
-120,-88,1940
-116,-124,2220
-88,-128,2444
-56,-112,2552
-16,-96,2504
0,-36,2264
24,-48,1996
-8,-24,1716
-32,-40,1512
-48,-40,1416
-88,-68,1444
-124,-96,1628
-128,-132,1864
-112,-128,2164
-112,-136,2392
-76,-116,2524
-20,-96,2548
4,-72,2400
8,-36,2180
8,-36,1920
12,-32,1644
-48,-36,1496
-68,-72,1416
-96,-96,1492
-128,-108,1712
-136,-120,1944
-116,-120,2212
-100,-120,2440
-56,-104,2524
-4,-92,2476
0,-48,2336
-4,-40,2068
4,-24,1672
-20,-40,1468
-64,-44,1368
-100,-76,1428
-116,-80,1620
-120,-124,1864
-120,-92,2140
-100,-128,2372
-60,-116,2496
-20,-84,2488
4,-56,2372
24,-44,2116
4,-32,1856
-12,-20,1596
-48,-40,1424
-72,-64,1400
-104,-84,1464
-132,-112,1692
-120,-116,1972
-124,-128,2228
-76,-100,2428
-56,-100,2532
-20,-88,2480
8,-64,2328
8,-40,2080
16,-44,1812
-16,-36,1548
-64,-24,1404
-104,-76,1460
-120,-108,1664
-124,-112,1900
-140,-128,2200
-80,-120,2404
-64,-120,2520
-28,-80,2540
-12,-44,2376
16,-40,2140
8,-40,1868
0,-32,1620
-36,-40,1452
-76,-56,1412
-104,-76,1496
-148,-92,1740
-132,-128,2000
-116,-120,2272
-76,-100,2468
-60,-116,2552
-16,-76,2484
8,-48,2324
8,-44,2048
0,-24,1796
-12,-28,1536
-40,-40,1428
-92,-64,1424
-104,-88,1556
-148,-116,1792
-112,-128,2228
-88,-112,2428
-60,-96,2536
-20,-96,2532
8,-52,2384
20,-36,2112
20,-40,1848
-8,-36,1600
-40,-40,1464
-64,-56,1424
-100,-88,1540
-136,-96,1752
-128,-128,2008
-112,-128,2276
-64,-128,2452
-48,-104,2536
-28,-80,2484
8,-36,2312
12,-40,2052
12,-28,1788
-28,-20,1552
-60,-56,1436
-84,-52,1436
-104,-88,1584
-128,-100,1820
-132,-124,2100
-96,-104,2384
-60,-120,2476
-20,-96,2524
0,-56,2364
20,-56,2120
8,-32,1844
-4,-24,1600
-36,-40,1456
-84,-60,1428
-104,-88,1540
-128,-96,1760
-120,-112,2028
-96,-136,2284
-96,-108,2476
-52,-84,2528
-20,-76,2448
8,-64,2268
24,-40,1992
12,-28,1716
-32,-24,1488
-52,-40,1368
-96,-72,1416
-108,-88,1540
-148,-116,1812
-120,-128,2100
-100,-128,2312
-72,-112,2488
-44,-104,2488
-8,-76,2408
8,-52,2052
8,-16,1784
-12,-24,1528
-52,-52,1424
-84,-60,1408
-100,-92,1548
-136,-92,1760
-112,-136,2032
-112,-128,2288
-92,-128,2476
-36,-120,2512
-8,-76,2444
8,-56,2260
24,-52,1988
-8,-24,1724
-48,-24,1504
-56,-52,1404
-84,-68,1464
-100,-96,1608
-132,-108,1860
-132,-136,2132
-104,-124,2368
-60,-108,2516
-56,-88,2560
-4,-72,2424
16,-44,2188
4,-44,1952
-8,-32,1664
-40,-48,1428
-72,-52,1440
-104,-84,1532
-116,-100,1788
-116,-100,2072
-112,-120,2324
-76,-128,2500
-24,-104,2560
-12,-68,2468
16,-48,2256
12,-40,1988
0,-20,1716
-24,-32,1500
-56,-40,1408
-84,-68,1456
-112,-100,1608
-120,-116,1868
-136,-124,2164
-88,-120,2368
-84,-120,2548
-28,-88,2532
4,-52,2404
4,-44,2180
8,-44,1928
12,-28,1616
-40,-44,1476
-72,-56,1428
-112,-80,1488
-136,-112,1812
-124,-120,2100
-112,-124,2356
-88,-108,2524
-44,-112,2524
4,-60,2440
16,-56,2232
20,-12,1984
4,-24,1700
-24,-16,1516
-68,-60,1412
-88,-72,1468
-120,-108,1636
-128,-108,1900
-124,-124,2180
-96,-112,2428
-64,-112,2528
-36,-96,2540
-8,-52,2404
28,-48,2172
12,-36,1904
-4,-40,1640
-36,-32,1448
-80,-64,1428
-116,-80,1500
-116,-112,1708
-132,-108,1948
-88,-120,2332
-76,-108,2488
-20,-84,2516
-4,-48,2412
4,-52,2184
16,-40,1916
4,-28,1640
-32,-44,1468
-68,-48,1368
-108,-92,1432
-124,-96,1620
-144,-108,1872
-104,-136,2160
-96,-128,2404
-80,-100,2500
-24,-96,2500
4,-56,2364
20,-48,2108
12,-48,1848
12,-28,1588
-32,-32,1432
-68,-56,1400
-112,-88,1500
-124,-112,1684
-120,-104,2000
-112,-128,2240
-80,-112,2408
-44,-100,2520
4,-60,2400
24,-64,2196
12,-40,1912
-12,-40,1672
-44,-40,1476
-72,-68,1400
-104,-80,1480
-124,-100,1656
-124,-108,1908
-108,-140,2192
-96,-124,2416
-52,-120,2516
-24,-84,2520
-4,-60,2380
8,-56,2104
8,-24,1856
-12,-44,1600
-24,-40,1432
-84,-52,1424
-104,-68,1512
-132,-108,1740
-124,-108,1996
-104,-116,2280
-76,-112,2484
-48,-96,2552
0,-68,2480
0,-48,2316
8,-40,1912
-4,-20,1656
-48,-36,1484
-84,-52,1420
-96,-80,1476
-120,-100,1692
-116,-108,1936
-112,-132,2220
-96,-116,2464
-64,-116,2536
-4,-100,2524
8,-60,2364
16,-48,2096
16,-16,1832
-12,-32,1600
-48,-36,1432
-92,-44,1424
-116,-68,1512
-120,-108,1748
-128,-100,2032
-96,-112,2308
-80,-120,2496
-56,-100,2556
-12,-68,2480
12,-40,2276
20,-32,2028
20,-32,1752
-16,-28,1540
-84,-44,1420
-92,-68,1500
-128,-84,1716
-136,-124,1968
-112,-124,2244
-100,-124,2448
-60,-96,2552
-28,-72,2508
12,-52,2344
16,-48,2092
4,-32,1816
-20,-36,1596
-40,-48,1460
-84,-72,1416
-104,-88,1536
-140,-108,1744
-128,-116,2012
-92,-120,2268
-76,-108,2476
-52,-104,2536
-8,-76,2468
16,-60,2240
-4,-16,1972
4,-24,1724
-28,-36,1476
-60,-44,1396
-104,-76,1392
-128,-108,1688
-128,-124,1956
-104,-120,2216
-76,-104,2416
-56,-104,2516
-28,-80,2472
4,-68,2284
24,-40,2056
8,-20,1764
-20,-40,1548
-52,-40,1388
-88,-60,1404
-108,-76,1548
-124,-100,1772
-132,-112,2060
-104,-104,2300
-88,-124,2504
-40,-96,2500
-8,-64,2428
4,-44,2248
24,-36,1992
-4,-32,1720
-40,-44,1504
-68,-48,1420
-100,-68,1436
-132,-88,1608
-140,-116,1872
-112,-120,2148
-92,-120,2464
-44,-104,2544
-20,-96,2492
20,-56,2320
16,-32,2036
8,-20,1772
-12,-28,1540
-60,-28,1420
-92,-52,1428
-108,-96,1572
-124,-124,1808
-116,-128,2080
-104,-120,2332
-92,-124,2508
-36,-100,2524
-4,-76,2448
20,-56,2232
28,-20,1980
8,-20,1704
-28,-28,1500
-48,-40,1432
-92,-76,1472
-128,-92,1612
-140,-124,1884
-128,-140,2172
-96,-128,2404
-60,-96,2532
-12,-68,2500
12,-68,2296
28,-40,2040
-4,-32,1744
-4,-24,1560
-52,-56,1448
-88,-80,1424
-124,-68,1596
-132,-124,1816
-112,-124,2104
-96,-124,2372
-80,-104,2524
-36,-80,2544
-4,-88,2436
16,-44,2240
16,-44,1980
12,-32,1712
-44,-20,1512
-60,-60,1416
-100,-68,1460
-116,-104,1660
-120,-112,1920
-120,-112,2176
-68,-96,2388
-64,-108,2540
-24,-76,2536
8,-68,2388
24,-44,2160
0,-24,1756
-20,-32,1536
-56,-44,1428
-88,-72,1448
-116,-100,1568
-120,-104,1844
-128,-128,2092
-100,-144,2348
-64,-108,2492
-36,-96,2516
-12,-76,2396
20,-52,2188
4,-40,1924
-8,-24,1652
-24,-48,1440
-68,-48,1376
-96,-72,1456
-104,-88,1636
-120,-116,1900
-132,-124,2164
-100,-124,2396
-60,-104,2488
-36,-80,2504
-8,-60,2348
28,-40,2112
16,-44,1844
-4,-40,1600
-44,-44,1424
-92,-64,1448
-120,-68,1592
-128,-128,1848
-116,-128,2124
-96,-128,2376
-64,-116,2500
-20,-112,2520
12,-72,2412
20,-40,2196
16,-40,1920
4,-32,1664
-24,-32,1464
-72,-56,1404
-92,-84,1480
-128,-96,1672
-140,-124,1968
-112,-136,2212
-96,-108,2436
-56,-124,2520
-12,-72,2508
0,-76,2380
12,-28,2112
16,-32,1832
-8,-36,1600
-40,-60,1428
-72,-60,1396
-104,-88,1540
-136,-104,1876
-128,-96,2156
-88,-128,2408
-88,-108,2520
-32,-96,2520
-8,-64,2416
12,-48,2184
16,-36,1900
-4,-44,1664
-36,-44,1476
-60,-56,1416
-108,-92,1488
-128,-96,1692
-120,-112,1936
-120,-120,2260
-92,-136,2448
-56,-108,2536
-24,-88,2512
0,-56,2348
20,-60,2092
-4,-40,1856
-12,-40,1600
-44,-48,1448
-84,-48,1432
-116,-84,1532
-124,-100,1752
-124,-132,2044
-88,-124,2392
-68,-104,2536
-24,-96,2528
4,-56,2400
24,-48,2172
4,-52,1892
-16,-32,1644
-32,-48,1488
-76,-36,1408
-116,-72,1516
-124,-100,1708
-140,-112,1976
-108,-132,2252
-84,-120,2456
-32,-112,2536
-16,-92,2520
8,-72,2348
16,-52,2084
20,-28,1808
-8,-28,1568
-56,-84,1428
-84,-52,1408
-116,-84,1536
-128,-112,1768
-128,-116,2028
-104,-136,2296
-84,-116,2472
-36,-92,2520
16,-64,2336
8,-48,2124
12,-44,1824
-8,-28,1576
-36,-24,1408
-84,-60,1372
-112,-72,1472
-108,-124,1716
-136,-124,1972
-104,-116,2240
-92,-112,2448
-44,-104,2524
-8,-72,2460
4,-60,2308
20,-40,2052
24,-36,1776
-20,-24,1528
-60,-36,1432
-100,-64,1440
-100,-72,1544
-124,-100,1792
-116,-132,2060
-88,-112,2316
-88,-124,2488
-44,-96,2552
0,-60,2440
28,-52,2220
16,-40,1852
-4,-24,1592
-44,-40,1428
-84,-68,1424
-112,-76,1520
-112,-108,1736
-132,-128,2012
-104,-104,2284
-76,-104,2468
-48,-100,2552
-8,-84,2476
4,-64,2304
20,-32,2036
-4,-28,1792
-24,-36,1544
-44,-48,1428
-84,-60,1456
-104,-92,1568
-136,-108,1824
-132,-132,2084
-96,-124,2364
-68,-124,2528
-44,-96,2536
-12,-72,2452
12,-56,2248
24,-48,1964
4,-40,1720
-44,-32,1500
-76,-60,1428
-112,-88,1520
-128,-96,1752
-128,-108,2048
-112,-124,2292
-92,-116,2484
-52,-88,2548
-16,-68,2484
8,-72,2296
12,-36,2020
12,-40,1752
-20,-36,1524
-52,-44,1432
-92,-68,1436
-108,-92,1580
-124,-104,1844
-136,-116,2116
-88,-112,2348
-84,-132,2548
-24,-88,2548
-8,-68,2420
16,-32,2212
12,-32,1952
8,-20,1684
-36,-52,1492
-80,-52,1408
-92,-60,1476
-116,-100,1656
-132,-108,2060
-104,-120,2324
-76,-116,2492
-52,-100,2552
-4,-88,2468
4,-40,2260
32,-48,2012
8,-32,1720
-44,-28,1520
-68,-52,1412
-100,-64,1436
-116,-88,1588
-128,-92,1852
-112,-128,2132
-108,-136,2348
-72,-112,2472
-8,-92,2484
-4,-84,2400
20,-44,2160
16,-36,1900
-8,-36,1640
-48,-28,1452
-60,-48,1348
-108,-68,1416
-108,-104,1640
-128,-120,1884
-112,-124,2188
-72,-124,2472
-48,-100,2508
-12,-76,2408
16,-56,2232
8,-36,1976
16,-24,1704
-20,-32,1496
-60,-68,1424
-80,-52,1436
-116,-96,1624
-120,-112,1852
-132,-136,2136
-96,-128,2376
-68,-120,2524
-28,-84,2524
4,-84,2412
8,-76,2184
24,-44,1900
-4,-32,1620
-40,-32,1468
-64,-56,1408
-116,-84,1472
-108,-92,1668
-128,-124,1956
-124,-136,2228
-80,-116,2436
-64,-112,2532
-12,-76,2452
16,-64,2224
12,-36,1960
-12,-24,1688
-16,-16,1508
-68,-60,1396
-96,-76,1468
-120,-88,1640
-124,-112,1904
-120,-120,2172
-88,-120,2392
-60,-92,2532
-28,-80,2512
12,-68,2392
20,-40,2184
16,-32,1904
-4,-32,1648
-36,-44,1468
-64,-52,1396
-96,-72,1500
-96,-88,1696
-144,-116,1984
-112,-128,2232
-84,-132,2468
-48,-108,2544
-12,-84,2508
-4,-76,2344
16,-48,2112
4,-16,1680
-48,-40,1504
-76,-48,1416
-108,-72,1472
-136,-104,1656
-140,-108,1904
-108,-108,2200
-96,-116,2432
-72,-136,2540
-32,-68,2508
8,-72,2384
12,-40,2176
4,-40,1900
-4,-28,1636
-16,-36,1464
-68,-68,1420
-84,-80,1516
-136,-104,1724
-116,-116,1988
-120,-144,2268
-80,-116,2456
-56,-104,2564
-20,-76,2520
28,-48,2324
4,-40,2084
0,-28,1812
-8,-36,1556
-60,-44,1404
-96,-68,1464
-124,-84,1612
-120,-120,1896
-112,-132,2188
-80,-116,2392
-60,-108,2500
-28,-76,2484
8,-68,2332
20,-40,2100
16,-40,1816
-12,-24,1572
-40,-40,1408
-68,-48,1376
-120,-88,1496
-112,-104,1700
-124,-124,1996
-128,-120,2260
-76,-140,2464
-56,-108,2524
-16,-80,2452
4,-52,2308
36,-28,2028
4,-24,1748
-8,-24,1516
-36,-64,1440
-72,-52,1404
-128,-88,1564
-124,-108,1936
-100,-140,2224
-92,-128,2428
-68,-100,2528
-32,-96,2496
0,-44,2368
16,-48,2120
16,-24,1840
-4,-40,1584
-56,-40,1428
-76,-60,1440
-116,-76,1516
-120,-92,1740
-120,-124,2032
-100,-132,2268
-80,-128,2468
-52,-104,2536
-16,-100,2512
12,-48,2296
20,-48,2052
8,-24,1764
-20,-36,1544
-52,-24,1416
-96,-80,1432
-144,-84,1584
-132,-112,1828
-120,-128,2112
-92,-120,2456
-48,-100,2564
-8,-80,2512
16,-72,2336
8,-48,2088
4,-48,1836
-4,-24,1596
-44,-40,1456
-80,-52,1432
-124,-80,1560
-128,-124,1792
-120,-112,2060
-108,-128,2280
-68,-112,2480
-48,-96,2552
-20,-92,2456
8,-56,2308
12,-40,2040
4,-24,1752
-4,-36,1556
-60,-36,1420
-84,-60,1456
-100,-76,1600
-136,-112,1844
-120,-124,2136
-80,-128,2356
-60,-116,2512
-28,-76,2508
12,-72,2332
20,-40,2088
16,-28,1804
-4,-24,1572
-48,-40,1460
-76,-64,1444
-116,-88,1560
-128,-96,1800
-120,-124,2048
-96,-116,2324
-88,-116,2512
-52,-112,2548
-8,-76,2456
24,-64,2280
4,-44,1996
-4,-28,1728
-28,-60,1500
-56,-40,1392
-88,-76,1436
-124,-72,1596
-128,-112,1828
-116,-128,2120
-108,-120,2348
-72,-128,2496
-32,-88,2496
0,-76,2392
20,-40,2148
4,-40,1748
-20,-40,1528
-48,-40,1396
-76,-80,1384
-108,-84,1524
-120,-112,1764
-112,-100,2036
-104,-124,2300
-68,-116,2468
-36,-72,2524
-20,-64,2440
12,-44,2236
4,-52,1972
-12,-20,1704
-24,-24,1500
-52,-36,1408
-100,-80,1440
-112,-88,1608
-128,-120,1876
-132,-120,2140
-100,-116,2392
-56,-96,2516
-28,-96,2524
-20,-60,2392
12,-44,2188
-4,-24,1920
0,-28,1640
-48,-28,1432
-68,-60,1428
-96,-84,1572
-128,-104,1800
-136,-124,2092
-108,-132,2344
-76,-112,2500
-36,-88,2552
12,-48,2432
8,-60,2212
24,-16,1964
20,-20,1712
-32,-36,1492
-48,-48,1416
-100,-60,1464
-116,-100,1648
-120,-96,1900
-112,-112,2176
-96,-132,2400
-72,-104,2532
-36,-96,2540
8,-60,2376
16,-52,2156
4,-36,1912
4,-40,1648
-24,-28,1480
-68,-48,1428
-88,-72,1516
-132,-120,1852
-116,-132,2116
-104,-112,2348
-76,-124,2508
-32,-92,2540
-8,-64,2440
8,-48,2212
16,-40,1944
0,-36,1696
-36,-36,1496
-60,-48,1416
-92,-68,1484
-128,-92,1672
-128,-112,1932
-124,-148,2188
-92,-144,2396
-64,-108,2536
-20,-96,2512
0,-60,2396
4,-36,2144
16,-44,1868
-20,-36,1640
-40,-32,1468
-72,-48,1412
-116,-92,1524
-120,-112,1732
-120,-120,2016
-100,-124,2380
-76,-96,2532
-20,-88,2552
-8,-72,2412
16,-72,2200
0,-24,1916
8,-20,1668
-32,-24,1460
-68,-52,1404
-100,-52,1436
-120,-84,1632
-140,-100,1908
-104,-108,2172
-92,-124,2388
-60,-116,2508
-36,-92,2492
4,-68,2336
24,-44,2088
0,-36,1820
-28,-36,1568
-44,-20,1420
-76,-40,1388
-120,-72,1488
-140,-96,1708
-120,-116,1976
-108,-124,2260
-80,-108,2432
-44,-104,2508
-4,-64,2404
8,-72,2180
4,-40,1892
-8,-28,1640
-28,-40,1468
-56,-52,1404
-108,-80,1496
-120,-96,1668
-136,-104,1932
-112,-120,2220
-80,-112,2428
-48,-96,2532
-24,-88,2500
-4,-72,2340
16,-40,2088
16,-40,1828
-16,-40,1572
-48,-28,1460
-52,-64,1416
-116,-80,1528
-132,-108,1760
-128,-116,2028
-104,-132,2284
-80,-128,2476
-44,-92,2536
-16,-84,2448
-8,-40,2280
4,-24,1872
0,-28,1644
-32,-36,1464
-76,-56,1416
-100,-76,1512
-128,-108,1708
-124,-128,1976
-112,-156,2244
-100,-120,2440
-56,-108,2520
-16,-56,2488
8,-64,2336
28,-36,2096
-4,-32,1832
-12,-20,1564
-44,-20,1440
-64,-64,1436
-104,-72,1572
-120,-100,1768
-132,-112,2072
-108,-124,2304
-76,-104,2488
-28,-96,2544
-24,-68,2492
16,-64,2296
28,-36,2008
-8,-24,1744
-20,-28,1464
-80,-48,1420
-116,-88,1532
-124,-104,1708
-132,-100,1984
-108,-116,2264
-80,-112,2448
-48,-96,2544
-16,-104,2500
0,-56,2336
16,-28,2064
4,-28,1808
-8,-40,1572
-40,-44,1444
-92,-60,1432
-112,-84,1584
-128,-112,1800
-140,-124,2068
-100,-100,2320
-84,-96,2504
-44,-88,2564
12,-76,2448
20,-40,2264
8,-52,1980
4,-40,1688
-24,-24,1496
-68,-40,1400
-96,-64,1428
-120,-108,1708
-120,-124,1968
-112,-128,2220
-76,-124,2428
-44,-116,2512
-24,-72,2460
8,-60,2284
12,-44,2016
12,-40,1736
-20,-40,1536
-48,-40,1388
-88,-64,1412
-108,-104,1548
-116,-112,1788
-120,-120,2056
-100,-112,2288
-72,-116,2480
-32,-84,2508
-20,-84,2456
16,-64,2252
12,-36,1968
0,-40,1708
-28,-32,1496
-72,-40,1412
-120,-76,1476
-116,-92,1624
-132,-132,1884
-112,-120,2252
-88,-116,2472
-56,-88,2536
-8,-84,2452
28,-48,2300
28,-56,2048
-4,-36,1764
-24,-36,1552
-56,-52,1432
-84,-56,1440
-124,-92,1576
-136,-120,1820
-116,-120,2088
-92,-112,2340
-68,-104,2516
-48,-80,2556
-8,-68,2420
16,-56,2220
16,-36,1964
0,-40,1700
-32,-28,1484
-68,-64,1408
-88,-72,1444
-112,-80,1632
-140,-116,1904
-120,-136,2200
-96,-112,2384
-68,-104,2556
-16,-84,2484
12,-56,2300
8,-24,2012
8,-24,1752
-20,-28,1528
-52,-48,1440
-100,-56,1452
-116,-80,1604
-140,-100,1840
-136,-124,2104
-108,-136,2376
-64,-112,2504
-56,-88,2544
-4,-48,2424
8,-36,2236
12,-40,1956
0,-36,1672
-44,-36,1492
-72,-52,1436
-104,-64,1464
-120,-88,1648
-124,-108,1928
-120,-136,2208
-104,-124,2432
-56,-96,2544
-12,-92,2516
12,-80,2404
8,-52,2000
0,-28,1744
-24,-20,1516
-52,-40,1420
-88,-72,1464
-116,-96,1608
-120,-112,1852
-116,-120,2148
-112,-120,2384
-64,-108,2528
-28,-88,2536
8,-64,2416
20,-40,2192
-4,-16,1896
-16,-24,1644
-28,-32,1460
-80,-60,1400
-96,-84,1472
-132,-104,1664
-112,-112,1920
-120,-124,2188
-84,-124,2388
-56,-116,2496
0,-80,2456
4,-52,2328
24,-44,2084
12,-40,1808
-16,-40,1568
-60,-32,1408
-92,-84,1420
-108,-108,1600
-124,-108,1860
-124,-128,2152
-96,-124,2352
-64,-108,2492
-32,-76,2504
0,-76,2376
16,-36,2160
16,-32,1892
-8,-32,1640
-36,-40,1484
-72,-56,1408
-116,-68,1500
-100,-100,1684
-124,-116,1940
-120,-120,2216
-84,-116,2412
-56,-112,2560
-8,-88,2508
24,-56,2340
24,-40,2092
12,-40,1844
-32,-48,1596
-36,-40,1444
-76,-56,1440
-128,-96,1624
-124,-108,1892
-116,-104,2196
-100,-144,2400
-60,-96,2532
-32,-88,2524
4,-76,2388
8,-52,2168
8,-12,1892
-4,-32,1640
-40,-36,1464
-72,-60,1416
-104,-76,1488
-120,-96,1692
-120,-112,1968
-132,-108,2264
-96,-120,2468
-52,-116,2536
-20,-84,2508
4,-52,2344
36,-44,2100
0,-48,1820
-12,-40,1580
-56,-40,1408
-76,-64,1416
-100,-84,1552
-136,-108,1784
-108,-132,2040
-92,-136,2412
-56,-100,2516
-28,-84,2516
-4,-60,2380
16,-40,2164
8,-36,1888
-8,-44,1640
-40,-60,1460
-76,-48,1416
-104,-80,1520
-116,-88,1724
-116,-108,2008
-116,-104,2276
-80,-120,2472
-48,-108,2560
-12,-72,2508
20,-52,2324
8,-32,2068
28,-28,1788
-4,-24,1564
-48,-36,1448
-84,-56,1436
-116,-84,1568
-128,-112,1788
-120,-116,2076
-108,-132,2316
-76,-108,2496
-12,-84,2504
-8,-64,2348
0,-40,2100
16,-12,1836
-8,-36,1584
-36,-36,1432
-76,-76,1404
-112,-84,1512
-132,-104,1712
-140,-132,1960
-116,-116,2224
-80,-112,2416
-60,-108,2500
-4,-80,2444
16,-52,2268
12,-48,2008
12,-24,1732
-16,-40,1516
-44,-48,1380
-96,-64,1408
-120,-104,1548
-128,-100,1768
-116,-128,2072
-120,-120,2352
-72,-120,2512
-28,-88,2516
-12,-72,2444
12,-60,2220
16,-44,1820
-8,-40,1580
-56,-24,1432
-76,-60,1412
-116,-80,1516
-124,-104,1752
-116,-108,2016
-112,-124,2276
-80,-112,2472
-56,-96,2536
-12,-64,2460
0,-64,2300
12,-52,2028
-4,-28,1744
-24,-40,1536
-60,-40,1420
-100,-72,1428
-128,-88,1600
-120,-116,1816
-128,-116,2120
-116,-116,2368
-64,-108,2508
-32,-92,2540
0,-76,2440
8,-48,2216
40,-44,1948
4,-24,1688
-52,-44,1448
-84,-68,1440
-104,-68,1560
-136,-108,1772
-124,-104,2056
-128,-128,2312
-80,-116,2496
-44,-100,2528
-16,-56,2448
12,-56,2264
4,-48,2004
12,-32,1744
-16,-12,1536
-52,-44,1428
-108,-64,1448
-124,-96,1620
-116,-116,1856
-108,-112,2128
-96,-120,2372
-60,-112,2524
-20,-84,2528
-4,-68,2444
4,-40,2224
8,-24,1924
4,-44,1668
-36,-32,1492
-56,-52,1404
-88,-92,1468
-120,-96,1804
-120,-120,2084
-92,-120,2336
-76,-116,2508
-40,-100,2544
-12,-80,2464
16,-56,2276
20,-28,2000
12,-28,1724
-8,-52,1528
-56,-44,1420
-84,-56,1468
-112,-88,1620
-136,-116,1876
-120,-120,2136
-104,-132,2380
-76,-120,2536
-48,-104,2524
-8,-68,2404
24,-44,2156
-4,-40,1900
-4,-28,1648
-12,-36,1444
-80,-52,1388
-100,-68,1448
-116,-96,1652
-124,-128,1916
-108,-112,2324
-84,-116,2452
-32,-92,2504
4,-88,2416
4,-60,2228
8,-20,1956
-4,-24,1664
-44,-36,1476
-68,-48,1388
-100,-76,1436
-120,-80,1608
-124,-108,1876
-112,-124,2148
-88,-132,2376
-60,-116,2528
-24,-88,2516
-4,-52,2364
8,-56,2152
20,-24,1880
-4,-32,1640
-36,-36,1456
-68,-40,1400
-100,-80,1492
-116,-108,1688
-132,-108,1972
-116,-128,2228
-80,-116,2396
-52,-96,2564
-12,-76,2436
16,-40,2240
12,-40,1948
-4,-24,1684
-36,-36,1512
-56,-24,1444
-100,-76,1448
-128,-100,1632
-136,-108,1912
-120,-120,2176
-96,-112,2408
-56,-112,2512
-16,-72,2532
0,-64,2392
16,-24,2148
8,-28,1864
-8,-36,1608
-44,-40,1468
-80,-52,1428
-104,-72,1492
-124,-112,1732
-140,-128,2000
-116,-128,2260
-68,-124,2452
-48,-104,2528
-20,-84,2516
8,-64,2324
24,-36,2088
-4,-40,1672
-36,-32,1472
-60,-40,1408
-104,-84,1488
-132,-96,1680
-124,-112,1916
-112,-124,2212
-116,-124,2420
-68,-96,2536
-20,-84,2524
-4,-72,2348
16,-44,2148
-4,-40,1860
0,-20,1616
-36,-40,1456
-100,-64,1424
-112,-100,1508
-120,-100,1744
-136,-124,2016
-104,-136,2272
-88,-116,2476
-48,-100,2560
-8,-76,2496
-8,-64,2328
24,-36,2084
8,-36,1780
-8,-36,1552
-76,-52,1412
-116,-76,1516
-124,-100,1692
-120,-108,1952
-124,-124,2220
-88,-120,2428
-52,-108,2536
-32,-80,2472
4,-72,2340
24,-44,2080
4,-16,1824
-12,-36,1556
-32,-40,1424
-88,-48,1412
-100,-88,1500
-108,-112,1744
-108,-120,1996
-104,-144,2252
-84,-108,2440
-52,-108,2508
-20,-68,2428
8,-48,2272
12,-48,2020
-8,-32,1740
-12,-28,1496
-60,-52,1396
-84,-56,1404
-128,-100,1568
-140,-112,1936
-108,-132,2208
-104,-112,2432
-60,-88,2548
-16,-80,2500
8,-52,2332
8,-56,2076
8,-52,1820
-8,-32,1572
-60,-56,1428
-76,-64,1404
-112,-88,1552
-132,-100,1768
-124,-112,2032
-108,-128,2284
-80,-120,2464
-52,-96,2544
-16,-52,2480
4,-36,2264
20,-40,2020
4,-32,1732
-28,-36,1544
-64,-52,1428
-84,-68,1440
-116,-100,1596
-112,-108,1832
-116,-120,2096
-72,-124,2456
-48,-92,2544
-16,-84,2500
4,-68,2340
20,-40,2092
24,-28,1800
-16,-36,1556
-48,-40,1428
-84,-72,1440
-116,-88,1576
-128,-108,1796
-120,-108,2084
-108,-120,2336
-76,-84,2488
-60,-92,2544
-4,-72,2488
12,-48,2252
20,-36,1992
-16,-40,1728
-24,-44,1532
-60,-36,1428
-84,-76,1440
-124,-84,1616
-124,-92,1824
-120,-120,2120
-112,-124,2392
-80,-108,2540
-12,-84,2484
8,-64,2332
16,-52,2064
24,-24,1776
-24,-36,1556
-40,-48,1432
-84,-64,1444
-116,-92,1592
-124,-108,1804
-120,-132,2088
-104,-116,2332
-76,-128,2508
-40,-96,2560
-12,-68,2452
8,-36,2268
0,-44,1996
0,-16,1696
-20,-28,1500
-72,-44,1420
-88,-92,1452
-108,-84,1628
-148,-124,1900
-144,-132,2188
-100,-124,2396
-64,-108,2500
-44,-104,2524
4,-60,2392
24,-32,2132
12,-28,1752
-8,-24,1516
-56,-32,1380
-84,-44,1376
-116,-88,1520
-128,-112,1772
-124,-136,2080
-96,-128,2312
-68,-120,2488
-36,-112,2536
-4,-72,2416
16,-48,2200
12,-36,1924
-8,-24,1676
-28,-44,1464
-48,-48,1364
-100,-64,1456
-124,-84,1612
-136,-120,1900
-148,-128,2152
-88,-116,2372
-80,-116,2532
-32,-108,2516
-4,-48,2392
24,-48,2132
24,-40,1876
-8,-40,1628
-40,-44,1452
-92,-72,1440
-120,-96,1584
-120,-124,1832
-132,-120,2120
-104,-136,2356
-80,-116,2520
-32,-100,2540
-8,-68,2416
16,-44,2204
16,-48,1940
-12,-16,1676
-32,-24,1492
-56,-60,1412
-92,-60,1484
-112,-108,1664
-132,-116,1904
-116,-124,2188
-88,-116,2400
-60,-96,2544
-40,-80,2528
4,-60,2396
0,-48,2164
20,-24,1876
-12,-36,1636
-36,-48,1464
-64,-60,1420
-100,-76,1508
-132,-120,1864
-128,-124,2148
-84,-124,2384
-76,-104,2516
-28,-96,2520
8,-76,2420
16,-52,2192
4,-48,1956
-4,-24,1676
-36,-48,1472
-72,-40,1392
-100,-72,1492
-124,-104,1652
-124,-120,1928
-108,-124,2204
-80,-116,2464
-52,-104,2552
-20,-76,2504
12,-60,2376
12,-64,2136
12,-32,1856
-12,-32,1604
-52,-40,1460
-68,-68,1412
-100,-76,1540
-112,-104,1728
-132,-124,1996
-92,-128,2392
-76,-116,2532
-36,-108,2520
4,-72,2408
4,-44,2184
12,-24,1912
0,-40,1660
-28,-20,1460
-76,-60,1420
-92,-68,1500
-132,-92,1688
-120,-120,1952
-128,-124,2232
-80,-132,2420
-60,-104,2516
-24,-80,2500
0,-48,2336
8,-52,2104
4,-20,1784
-20,-44,1568
-36,-36,1396
-80,-64,1392
-116,-76,1492
-124,-100,1704
-136,-136,2012
-108,-124,2240
-84,-108,2440
-52,-104,2500
4,-72,2352
16,-56,2120
16,-36,1884
-12,-36,1604
-32,-44,1440
-52,-52,1400
-112,-76,1476
-136,-96,1664
-120,-116,1952
-100,-116,2220
-92,-120,2444
-40,-100,2528
-16,-88,2504
0,-72,2336
24,-56,2068
20,-32,1776
-16,-32,1592
-48,-40,1416
-88,-64,1400
-108,-96,1552
-132,-112,1764
-124,-144,2052
-116,-128,2300
-72,-120,2484
-52,-96,2536
-24,-84,2460
44,-48,2260
0,-36,1880
-12,-28,1620
-32,-28,1456
-64,-60,1428
-108,-92,1536
-108,-96,1720
-124,-132,1980
-96,-124,2272
-88,-128,2452
-44,-104,2544
-28,-60,2508
0,-56,2320
12,-40,2064
4,-16,1808
-12,-36,1568
-52,-40,1408
-76,-48,1444
-116,-68,1560
-136,-92,1796
-120,-140,2072
-100,-112,2356
-80,-100,2512
-44,-100,2548
0,-80,2456
20,-32,2272
12,-36,2012
-4,-32,1716
-48,-32,1468
-64,-56,1428
-108,-80,1536
-128,-100,1736
-128,-100,2016
-104,-108,2256
-72,-128,2468
-64,-108,2556
-28,-68,2480
8,-48,2328
20,-36,2064
20,-28,1804
-8,-36,1556
-52,-52,1424
-80,-60,1460
-116,-96,1584
-128,-92,1800
-120,-120,2120
-92,-136,2336
-68,-108,2500
-36,-92,2540
-4,-68,2440
12,-56,2256
16,-36,1976
4,-28,1704
-4,-44,1504
-48,-40,1412
-100,-84,1480
-132,-104,1748
-132,-92,2012
-128,-108,2272
-88,-136,2452
-40,-108,2516
-12,-72,2452
12,-56,2268
16,-40,1992
12,-40,1744
-36,-36,1508
-56,-52,1384
-88,-64,1396
-112,-84,1568
-124,-116,1800
-124,-120,2080
-104,-128,2304
-76,-104,2480
-48,-96,2512
4,-68,2384
16,-44,2212
8,-48,1940
0,-20,1652
-24,-40,1484
-60,-52,1396
-112,-72,1464
-116,-80,1620
-140,-120,1876
-108,-124,2292
-80,-100,2460
-40,-100,2560
-24,-64,2464
4,-44,2264
4,-40,2004
8,-28,1744
-32,-16,1524
-60,-40,1416
-88,-72,1424
-104,-84,1588
-116,-120,1856
-132,-128,2104
-104,-128,2348
-76,-120,2496
-32,-92,2540
0,-96,2420
24,-56,2212
12,-44,1956
4,-24,1672
-28,-32,1492
-76,-64,1416
-104,-64,1464
-124,-96,1660
-132,-116,1916
-132,-128,2196
-104,-128,2420
-60,-100,2536
-12,-80,2464
16,-36,2272
8,-36,1996
-4,-32,1720
-24,-52,1532
-40,-56,1420
-80,-60,1476
-108,-76,1616
-132,-108,1876
-112,-124,2152
-92,-120,2376
-56,-120,2512
-24,-104,2548
-8,-56,2436
20,-40,2192
4,-28,1948
0,-28,1668
-48,-40,1484
-64,-40,1408
-96,-64,1488
-108,-88,1664
-136,-128,1952
-108,-132,2220
-96,-108,2448
-32,-108,2532
-8,-92,2512
8,-56,2376
8,-36,1992
4,-32,1704
-36,-32,1508
-64,-32,1432
-104,-72,1464
-116,-92,1636
-124,-112,1884
-124,-116,2156
-84,-124,2388
-64,-124,2532
-40,-84,2536
-8,-80,2400
20,-40,2184
24,-52,1904
-16,-28,1668
-44,-20,1472
-84,-56,1432
-112,-84,1488
-116,-96,1708
-120,-112,1932
-132,-116,2196
-92,-112,2420
-36,-100,2524
-24,-72,2472
-16,-52,2320
20,-48,2048
4,-32,1804
-12,-40,1592
-60,-56,1364
-100,-64,1440
-132,-108,1592
-128,-128,1872
-120,-124,2144
-88,-128,2364
-60,-100,2524
-32,-96,2508
-16,-68,2372
4,-48,2136
12,-40,1864
0,-36,1608
-44,-56,1452
-84,-60,1384
-112,-72,1500
-128,-96,1684
-128,-108,1972
-104,-132,2228
-80,-120,2456
-44,-124,2536
0,-72,2472
8,-52,2336
12,-52,2072
12,-24,1780
-16,-24,1552
-36,-28,1428
-88,-60,1412
-116,-84,1540
-124,-104,1928
-112,-124,2204
-104,-112,2432
-72,-124,2548
-20,-100,2528
12,-52,2368
8,-48,2140
16,-48,1828
-16,-28,1604
-44,-44,1456
-60,-48,1428
-104,-76,1520
-120,-100,1740
-124,-120,2004
-116,-128,2256
-80,-120,2448
-60,-108,2540
-20,-84,2492
4,-44,2316
12,-36,2072
8,-44,1812
-8,-24,1564
-56,-32,1428
-76,-72,1460
-116,-88,1556
-124,-88,1816
-120,-132,2080
-80,-128,2432
-60,-116,2536
-20,-92,2524
8,-60,2376
16,-48,2124
4,-28,1856
-4,-24,1600
-40,-36,1460
-100,-44,1408
-116,-84,1504
-128,-104,1756
-124,-136,2008
-104,-136,2280
-88,-120,2488
-44,-80,2560
-16,-60,2496
12,-88,2308
16,-40,2044
4,-40,1808
-36,-44,1560
-48,-44,1420
-92,-64,1460
-120,-88,1596
-116,-104,1812
-120,-112,2088
-108,-128,2368
-72,-124,2512
-44,-92,2536
-4,-48,2336
12,-28,2100
20,-40,1836
8,-28,1596
-44,-36,1440
-76,-56,1432
-100,-84,1516
-124,-100,1744
-116,-124,2036
-104,-116,2268
-72,-112,2456
-48,-104,2524
-4,-84,2460
12,-40,2264
16,-40,1980
-4,-28,1720
-4,-32,1492
-52,-52,1372
-96,-72,1412
-104,-100,1560
-128,-116,1812
-120,-116,2092
-116,-128,2344
-80,-100,2480
-16,-92,2512
-24,-88,2424
16,-48,2184
4,-32,1800
-16,-36,1556
-48,-44,1420
-80,-64,1392
-112,-92,1524
-128,-88,1768
-136,-128,2056
-108,-120,2288
-72,-124,2464
-52,-84,2512
0,-80,2448
12,-44,2252
20,-40,2016
8,-24,1720
-36,-28,1540
-64,-56,1392
-92,-68,1444
-120,-108,1588
-136,-104,1868
-120,-120,2124
-104,-124,2348
-56,-120,2520
-32,-88,2532
8,-92,2404
20,-40,2212
20,-24,1936
4,-32,1664
-48,-48,1420
-88,-56,1416
-116,-96,1560
-148,-108,1780
-116,-104,2068
-104,-120,2324
-72,-128,2472
-36,-88,2548
4,-76,2464
4,-60,2256
